Proposed (RIS+ML optimization),Equal power + random RIS phases,Random power + random RIS phases,Equal power + fixed RIS phases,Random power + fixed RIS phases,NOMA + No-RIS
12.056568,11.550419,11.237244,12.164402,11.85945,7.9567046
10.758074,11.152201,10.276804,11.012452,11.050409,6.380945
10.526396,9.573315,9.571359,11.165168,8.718514,6.2302246
11.840787,12.415612,12.231046,12.1327915,11.758097,6.684348
11.099925,11.088823,11.144413,11.033726,10.932385,6.6060143
10.890802,10.899336,9.792222,10.785142,9.981841,6.162248
11.963873,11.014274,8.787071,11.106389,10.363563,8.090041
11.8081255,11.590299,11.76825,11.077314,10.759612,3.9380863
10.16918,11.253057,11.017406,10.178484,10.199297,7.3372626
9.643024,9.318442,8.004271,9.624764,9.200653,7.5979996
11.118421,10.413501,10.558107,10.020372,9.977783,8.07469
11.291757,10.790177,10.336235,11.1476145,10.441304,7.5485387
10.911418,10.713396,11.295576,9.597995,8.920248,5.2639933
9.737872,9.403869,9.495891,9.20963,9.654801,8.004962
12.070639,11.320685,12.029038,10.834519,9.480148,6.4068017
11.169534,9.142882,8.289515,9.902523,8.099158,6.0698223
11.210811,10.923155,11.632434,10.277341,9.395952,7.297969
10.206494,10.964725,9.8435335,11.7610235,11.859169,8.335318
9.670824,11.047297,11.307688,10.519409,10.173244,4.762331
11.964456,12.06756,11.393407,11.701773,11.391036,5.022927
11.411568,10.518053,10.692839,11.754813,11.978106,4.2274723
11.737057,10.236799,10.24694,11.878408,11.155115,6.052167
11.464333,9.479273,11.439082,11.495194,11.452257,7.0539193
10.61738,10.55488,11.652561,11.354717,11.192207,7.085707
11.657219,10.76939,10.321451,9.163001,9.100348,7.1271324
11.853345,10.755604,12.071567,10.199016,10.695353,6.773907
11.297857,11.632205,10.863871,11.157186,11.283915,7.789411
12.276576,12.065437,10.943853,12.933216,13.172508,6.891497
11.217026,10.040562,11.190767,9.822747,9.213204,7.529997
12.176064,11.507122,10.300011,9.768427,9.393626,5.0760307
10.492304,10.7397785,11.414031,11.1879,11.15861,7.3001633
11.529671,9.650213,10.038431,10.695893,9.273464,7.188981
11.048569,10.38422,8.3989105,10.143038,8.4541235,7.8075976
8.520381,10.945016,10.128059,11.296298,11.280561,8.026951
10.838909,9.720688,10.936702,10.978763,10.45269,7.2908416
11.590378,10.231347,11.435579,10.749788,10.441861,6.435036
11.828983,12.2672615,10.870123,11.939972,11.241863,6.3022804
11.751568,11.127299,12.907949,11.42828,11.300585,5.931884
12.073602,11.445372,11.4264555,12.199589,11.783943,3.964436
8.291453,10.903288,10.572085,11.568301,11.1316,5.1494603
12.148647,12.014233,11.532017,12.465508,12.309579,6.6119356
11.479016,10.6931095,9.115778,9.389294,8.204704,6.810031
11.77394,11.234322,9.585784,11.030139,10.749377,7.1471667
12.509541,11.160207,10.33107,11.515525,11.2138815,7.99001
11.345766,10.754363,10.36139,10.751377,9.000822,6.6626167
9.147617,10.156308,8.419202,9.740066,8.53116,8.010873
11.010372,9.925965,9.8864765,11.164099,10.801853,8.500999
10.962383,10.768651,10.763989,11.387548,11.353531,7.400381
12.089221,11.3965845,9.404859,11.360544,11.306356,5.4388638
10.437863,11.554654,11.31112,10.525769,10.04253,7.606214
11.413024,11.980494,10.480451,10.840173,9.772478,7.238969
10.255762,10.158357,11.090259,10.581631,10.141351,8.026742
10.687388,10.316569,10.161474,11.001758,11.289316,8.014327
10.473284,11.65372,12.3623495,9.2399,8.456058,6.875129
10.836473,10.417194,10.921288,11.225359,11.312097,7.9702377
13.171466,12.111135,12.806322,12.72658,12.67241,8.178616
10.963508,10.402994,9.013714,10.084773,10.221258,3.0118923
12.495584,10.985802,10.253377,12.46464,11.638026,4.709123
11.490844,10.465211,10.192509,11.352551,11.909463,7.5462155
11.314238,10.252899,10.023693,10.8020935,10.982846,6.8776236
11.694262,11.626432,9.118279,11.613333,11.164776,7.3967524
10.800038,9.379228,8.660866,9.640657,9.537967,5.8149548
10.761864,8.413897,10.799036,8.424876,8.5541935,4.4690423
10.347378,11.467108,10.573757,10.624621,10.59222,6.906759
11.764717,9.607714,9.286329,10.519336,10.46506,7.515827
11.71036,11.341513,11.513481,9.466608,9.690785,2.4557962
9.43168,10.20999,7.814129,10.736955,10.073996,6.724906
9.418402,9.538475,10.978618,10.3667,10.378043,7.382694
12.349813,11.937473,11.969048,11.243251,11.345655,7.500635
10.703325,9.720681,11.021181,10.061161,10.214135,6.8232393
11.135883,11.305433,11.645476,11.288143,10.100907,4.074363
11.251333,10.932692,12.281639,11.775925,11.432074,6.2072935
11.518392,10.594247,9.080185,8.933892,6.751122,6.5342064
11.630075,11.567251,10.746363,11.233807,11.185964,6.008271
11.334373,10.575244,9.827246,10.372097,9.836866,7.321027
10.9238,11.188915,9.342676,11.377121,11.530918,7.68907
12.638647,11.9156685,12.006971,12.706008,12.232744,5.0167456
10.562671,11.154739,10.246476,10.850728,11.43857,4.6981115
10.453424,9.849869,10.088675,10.594397,10.278114,3.61312
10.233574,10.433975,9.991406,10.139082,10.354201,6.8617725
11.173187,12.146713,11.80751,10.659825,10.942669,3.3511765
11.4651,11.545032,10.76899,11.339278,10.827897,5.565465
10.809275,10.399992,10.46203,11.428444,11.368721,6.780832
10.710533,9.891986,10.636085,9.784162,8.647235,7.5464535
10.75059,11.182373,10.991591,9.920567,10.020125,7.7085752
10.378834,9.318122,9.676591,8.965446,8.774946,7.5165706
11.810403,10.003469,10.454045,9.505861,7.811454,8.318948
11.220967,10.758182,12.030066,10.59613,10.448429,6.961709
9.478108,9.480374,9.348835,11.082375,11.079058,6.723115
12.028666,11.566597,10.989981,11.99144,11.734244,5.8891506
10.84514,10.494628,10.681254,8.998588,8.979305,7.064078
11.236277,10.277031,8.7535,10.196914,10.389087,5.6802015
9.630605,10.964692,10.721453,11.758281,10.129818,8.1162195
10.892967,10.918071,11.7331295,11.174077,9.536,6.226225
9.452801,9.143234,10.550628,10.965569,11.0852585,3.442936
10.56848,10.00364,10.810656,9.975783,8.808338,4.9311633
10.706898,10.59851,9.71931,10.358248,10.436893,7.8919215
10.919985,11.093977,10.411345,9.145153,9.379059,7.4041257
11.732931,12.141267,10.972652,11.796026,10.068651,7.5263214
11.28313,10.76426,9.671255,10.185974,8.311024,5.2722087
11.066423,9.271169,10.412803,11.99313,11.73025,9.034126
10.399228,9.258879,8.958877,10.501822,10.823595,7.8391485
11.631299,11.689953,10.261464,12.109741,11.815426,7.1042967
10.387996,10.15914,9.223112,9.913887,9.825915,5.849233
11.515963,10.800387,9.346386,10.885533,10.712255,7.361768
10.839219,11.501253,11.199848,11.543075,11.281976,7.1850605
11.66464,10.343142,10.76349,11.058004,10.899832,8.33943
11.793392,11.661111,12.148047,11.447612,10.770434,7.217888
12.82022,11.118433,11.5357275,11.579513,11.675961,8.082684
11.619273,11.158419,9.880672,11.31415,11.3032,7.65942
11.717515,9.708389,10.538744,12.074704,12.05532,5.231717
10.758312,9.27487,10.424761,11.637268,11.325396,8.269289
12.152683,10.285884,10.0441475,10.898333,10.402248,7.442844
10.955944,10.001873,10.582404,11.464366,11.2122345,7.967805
11.414445,10.471705,8.770618,12.359454,12.332996,5.486296
11.634926,12.073804,10.55609,11.2326975,11.23387,6.841232
11.3202,11.241137,10.647608,11.145112,10.451589,7.0734057
10.496453,10.774476,11.570301,11.124342,10.763163,6.89681
9.998791,9.72492,10.8113985,10.297884,10.179661,7.0581927
10.540808,10.414129,9.670654,8.567129,8.244509,6.299593
11.955628,11.9984045,11.125423,12.318344,12.347962,7.8135276
11.429857,11.594213,10.806222,11.507404,11.547891,6.7927613
12.043357,10.939606,11.118067,11.533065,10.445185,5.4726458
12.435116,11.72192,10.5226345,11.430654,10.65156,6.5642715
9.604634,10.241847,9.277727,9.747112,9.510301,4.429423
11.00402,11.905163,11.509546,10.48567,10.269085,7.4696083
12.279472,11.085557,9.817605,10.896928,10.375877,5.9286003
9.140279,11.60339,11.185998,11.492462,10.407512,8.170124
11.00611,10.781403,9.373014,9.860655,9.368145,4.636489
10.512954,9.596306,10.654543,11.149024,9.991971,7.6382127
9.142718,10.4767475,11.286338,10.641096,10.174939,7.509802
11.053192,11.733795,10.56063,10.424896,9.630918,6.1781783
11.017198,10.832619,10.158339,10.352492,9.427297,3.3835166
11.622065,10.007382,7.763422,11.87062,11.178553,7.4417744
10.576684,9.621958,6.861352,9.287623,9.577137,6.6213527
11.820573,10.597719,8.354902,11.407421,10.348426,6.6381903
10.624574,10.422949,11.485448,11.742417,11.022003,1.8586501
9.821429,9.7361,10.35576,9.239771,9.301645,8.185596
11.028691,11.019831,8.6100235,10.540572,10.283416,6.2369003
10.7347555,10.770071,8.870214,10.675136,10.679396,7.8169127
11.869218,11.638812,10.570469,10.916988,10.847764,7.662428
11.119477,8.067031,8.432936,10.372891,10.147653,6.144932
12.169395,10.5248,10.091022,9.567812,8.209617,7.636509
10.29679,10.700076,10.897152,11.063012,10.975092,5.543888
12.048663,11.649185,11.59901,11.809878,11.922285,4.6516576
10.276943,10.992148,9.916435,11.679435,11.394521,9.018337
10.936896,10.751027,11.1086035,11.136868,10.989603,5.8792305
10.928892,10.944572,10.312146,10.280499,9.816357,8.905708
10.659048,11.497758,8.753821,11.299958,11.2933445,6.0359554
10.154273,10.094577,9.837486,10.568957,8.423748,5.956178
12.091904,11.405621,12.261061,12.761527,12.800326,7.5486555
10.056193,10.414524,11.733048,12.112307,11.985154,6.647565
12.311209,10.161364,10.992692,11.313108,11.346708,7.5930967
10.98452,9.987174,10.022565,10.751541,10.493252,6.628702
12.082397,12.620157,11.443085,11.343269,9.915515,7.4153748
11.283938,11.589797,12.160203,11.964376,12.10732,5.962693
10.747551,9.208563,9.271773,10.308332,10.855671,6.6692576
11.803456,9.342625,10.528129,10.81003,8.829791,6.8874226
10.384353,10.37897,10.052463,9.362928,9.761173,7.189147
11.924093,10.193757,11.198382,10.288284,10.156843,6.955725
12.282859,9.9802885,9.092416,10.515015,10.433318,6.634077
11.779087,11.989631,9.931352,10.562427,10.629408,6.865903
12.097193,11.395526,10.6980915,9.278286,8.53485,8.913043
11.325614,11.339798,10.7117195,9.376636,9.419016,7.0295544
11.841379,11.825218,10.831419,12.926372,12.955773,6.9882536
11.598235,10.244038,9.3998165,11.551039,11.566995,8.481123
11.662188,10.416187,8.899994,10.833536,10.395999,7.876256
11.328411,12.503802,10.894909,11.652061,11.833802,6.739588
8.99573,10.643825,10.702501,10.622008,10.48218,7.284241
7.44874,10.607568,10.607786,10.634355,10.630476,7.6693163
11.196494,10.402812,8.839623,9.734577,9.260836,7.2219353
11.883564,10.8145485,11.344059,10.053792,9.918145,5.8470597
10.607034,10.666231,9.445567,9.446536,8.196752,6.979455
11.300449,10.908377,9.920367,9.526611,9.325331,7.7760534
11.961914,11.075386,11.551704,11.812363,11.854717,4.3379526
11.562155,10.586159,10.418736,11.539405,11.464692,6.286853
11.037761,10.530414,11.039461,9.859261,9.894182,7.3777876
11.493033,11.216464,12.194244,11.163357,10.587957,7.255776
11.895764,10.32678,10.763671,10.7362385,10.559329,6.5236354
10.990428,10.102765,11.0068245,11.427468,10.544955,6.0876336
10.830233,11.382907,10.903077,10.968712,10.996968,6.881844
11.678984,10.549147,10.559566,10.586782,10.015694,5.024582
9.140823,9.818173,9.200694,9.896612,8.321074,4.706267
11.30224,11.341059,10.129106,11.670284,11.8939085,6.8505344
11.534781,11.033145,10.101742,9.464328,6.8033533,4.390196
11.796941,10.975504,9.604556,10.667178,10.15758,7.446649
10.6841545,11.275861,10.77405,10.557293,10.674558,7.306567
12.223829,10.495713,11.708999,10.539527,10.607135,5.2612696
11.338292,11.7799425,10.936582,10.804054,10.457499,6.510522
11.764641,10.691366,11.213836,11.019234,11.16759,7.8798714
10.127841,10.584949,11.01578,10.9198675,10.747362,6.8965626
11.123725,11.163092,10.954688,11.012159,9.413392,5.0685663
9.95814,9.818567,10.118826,10.656015,10.942758,6.8357453
11.741497,11.711126,9.639581,10.020619,10.262571,8.740687
11.212733,9.76895,8.861967,10.48465,10.156275,6.946661
10.245293,9.64153,10.422551,9.415111,9.327441,6.0637913
12.329792,12.004059,11.500889,10.644606,9.681248,5.981609
11.783395,10.389903,11.711879,11.139854,11.14106,6.0777025
10.452857,9.402915,9.700047,10.239869,9.490644,7.2673774
9.884766,12.022692,11.462008,10.529726,10.0996895,7.312284
10.430806,12.055304,12.380803,10.316037,10.827599,7.2984567
11.165887,10.156912,9.317824,10.70598,10.638365,8.249308
9.6277685,11.403669,11.220331,11.056332,10.462027,7.0991707
11.231921,10.09223,10.461813,10.024723,10.291014,7.6003428
11.142807,9.5885,11.024654,9.006106,9.141098,7.2019515
10.783776,10.775078,9.225114,11.038087,10.695846,7.442506
8.216519,11.391633,10.6661825,11.351389,10.800796,7.523272
9.76906,10.965429,11.376538,9.366462,9.52561,5.5069027
12.490489,10.150554,10.538281,10.540242,9.477104,7.2256494
11.016963,9.294347,7.891288,9.8137245,10.277132,5.7760353
12.5694895,11.639767,12.097027,11.186364,11.498728,3.6403437
12.0978565,10.888097,11.170561,12.027698,11.667576,6.9283
8.742727,10.854222,9.421308,9.915195,10.252314,5.322728
9.416237,11.05681,10.693331,10.779751,10.229614,7.8920584
11.8410015,11.874033,11.093243,12.168811,11.949539,7.0255795
11.142057,10.3676605,10.443223,11.910884,11.895159,8.218544
11.298818,9.971431,9.508144,10.301788,9.862832,4.5173836
10.935571,11.746642,9.6253605,10.869929,10.832423,7.0111465
10.68458,10.9520445,10.944736,10.332284,9.761777,6.218053
11.554813,11.075479,10.24614,11.219751,11.436782,5.786525
11.381382,11.601376,10.856964,11.21993,11.037096,4.8688254
10.328843,9.138042,11.777679,11.652269,12.050233,6.126151
10.343465,11.866741,12.122444,12.45553,12.439858,8.415748
11.698589,11.967813,10.706758,11.103227,10.582133,4.7211943
11.34301,10.829039,10.074466,12.300278,11.830345,5.367613
11.912173,9.844132,9.894812,11.634714,11.636114,6.907473
12.111853,10.797134,10.355145,10.830645,10.42747,7.788254
11.301177,10.836603,10.701339,11.986844,11.804169,6.4343367
10.845528,8.596709,8.725404,10.343467,10.271229,8.231181
11.417572,10.205963,10.707075,12.079651,11.089926,5.0455084
11.771382,10.576324,10.926884,9.342623,8.867694,7.444006
11.156876,11.636387,10.842135,11.568552,11.567559,8.191756
11.505703,11.086782,10.596472,10.047204,10.065958,8.151541
10.458743,11.3655815,10.542147,10.882832,10.945783,5.9452376
12.3180275,11.9704275,9.370594,12.128522,12.053927,6.985455
10.48431,9.566372,9.68383,10.496836,10.734913,7.8833117
9.858404,10.275479,11.017133,11.408513,11.51182,6.6081896
10.721401,10.011773,11.024849,11.451598,10.284275,6.4237876
11.411603,11.277134,12.469579,11.760333,10.728722,5.030301
11.676458,10.455891,8.749023,9.873695,9.796209,5.130044
11.731617,9.93514,10.455165,10.3585415,9.724597,6.5060105
12.234562,11.599401,9.378335,10.702137,10.689861,5.7979183
10.245302,11.072849,8.62557,11.751838,11.399478,8.416891
11.324498,11.0350895,10.507029,10.900041,10.708307,5.3656216
11.656093,12.040973,11.312147,11.654669,11.59462,8.057396
10.959885,10.938714,10.835739,8.779263,8.306932,5.1530457
10.887278,11.199786,11.865413,11.351225,11.499342,7.4316673
11.126264,11.35089,11.613804,11.512495,10.1969795,6.830231
10.488307,11.194986,10.587724,11.303883,11.3500185,6.1178026
10.573005,10.166668,8.988591,9.666629,9.619986,6.7525163
10.876012,9.591191,10.613354,10.80933,11.029917,6.3747253
11.465021,10.899179,10.400728,11.096913,11.330709,6.300828
10.934437,9.198646,4.8212137,7.9683094,7.3886485,5.3588676
10.074699,9.403019,9.475072,10.528271,10.065945,8.077357
10.740095,9.967466,9.773541,10.753234,10.837576,7.8511577
11.302688,9.164081,9.961258,9.740966,9.297611,5.892693
10.082105,10.4229965,11.359446,11.165611,10.888004,6.574268
9.674561,9.625534,10.155199,8.429184,7.4576793,8.318853
11.061108,10.400512,9.252592,10.325714,10.367832,5.3060045
11.685059,10.579643,6.2698226,11.579398,11.574135,7.097983
10.8158245,10.1434145,10.030583,11.340019,11.213773,6.042962
10.412988,9.690217,9.628417,10.565685,10.506967,5.7982965
11.81167,11.615679,11.905073,10.567437,9.194246,8.493973
7.238421,8.744587,9.59991,9.217293,8.937887,7.831545
11.296773,10.0939245,11.054919,10.177653,9.736984,7.9801397
10.677096,9.671571,9.61229,10.3545685,10.270162,2.0856771
12.275805,11.094316,10.716262,11.22081,11.261851,7.2020783
11.248371,11.35775,10.144959,8.815338,7.8549204,5.040375
11.214859,10.907894,10.880972,11.50913,11.198391,4.480463
10.96094,10.65261,8.644508,10.594482,10.689866,7.6711698
10.322638,11.742186,11.477842,8.776511,9.393133,4.923761
10.568371,10.942638,10.171211,10.593107,10.526897,6.697684
11.232528,11.009276,10.999147,9.780383,7.717824,6.0241113
11.350374,12.314587,10.170981,10.783937,10.617975,7.05241
11.476524,9.80756,10.2395525,10.858519,10.880714,5.9505973
9.06049,11.079517,11.571854,10.40247,10.410412,7.900285
10.790754,10.683757,10.754436,10.843848,11.01883,6.3042803
11.298928,12.491953,10.288813,10.507217,8.977864,6.409699
10.916718,8.373415,9.679341,10.063128,9.682493,6.7858105
11.736583,10.858008,10.531623,10.169039,10.575525,6.891587
11.497476,10.723952,8.468301,10.608379,10.460015,8.016987
10.339084,10.756281,8.232828,10.737421,10.619276,8.310158
11.585016,11.7709055,11.529293,10.568449,10.069026,7.8927956
8.676913,10.200842,8.986101,9.761397,9.581876,7.542081
10.394002,10.252768,10.165428,8.7097435,7.7017307,7.1406426
10.8020525,10.3714485,10.631306,10.670471,10.662671,6.1136723
10.74077,11.847489,11.536299,9.938695,9.135976,8.034459
10.851972,10.533143,10.590699,10.092689,9.818619,4.6209693
11.83898,12.323252,10.928997,10.953579,10.471681,6.9720387
10.407668,9.120072,9.827211,10.42167,8.724635,4.7327356
11.502443,11.842418,9.665964,9.869774,8.352219,4.0502687
10.693715,10.690113,11.149985,10.55948,11.324089,6.9025097
11.777036,9.899895,11.42848,10.970759,10.571638,7.304961
12.12693,10.020483,9.447292,11.696702,11.3245535,7.3028965
10.541308,10.60257,9.529055,10.314241,9.199347,7.526134
11.394226,11.182307,11.774564,10.310721,10.42156,7.8162713
10.831422,11.222116,10.936528,10.852188,9.707184,7.5379972
10.894986,10.8126545,10.072273,10.902889,10.8177185,4.9736238
11.575131,11.256461,9.174503,11.783762,11.909505,7.352997
11.884703,11.336959,8.188984,11.056941,11.177029,5.044806
8.948498,10.185979,10.720621,10.48538,10.453241,5.513457
11.374808,10.792566,10.311793,10.054148,9.915559,3.4933681
11.407306,10.703811,9.884792,9.803277,6.2380323,8.080271
12.27943,11.295156,11.065095,11.350453,11.123608,5.73072
12.016201,11.299351,11.838538,10.181275,9.046407,6.69733
11.213017,8.8311825,11.362521,10.248765,10.001993,7.4206285
11.422542,10.086126,9.940528,11.19281,11.293473,8.241891
11.357697,11.664811,11.171327,10.7660265,10.782692,6.04222
12.015497,11.475423,11.783723,10.462373,10.297875,7.798164
12.002972,10.296463,9.2742195,10.154038,8.938805,7.3491025
11.887946,8.927482,10.556046,11.344217,11.061598,5.71227
11.042431,10.618877,10.115824,10.878629,11.2497835,7.985482
11.094531,9.172024,11.091685,11.369974,11.563322,8.232981
11.427888,11.696169,9.771571,11.482228,11.490817,8.550567
11.223458,9.770642,10.002912,10.670193,10.757262,2.2445593
12.266461,11.319735,9.885269,11.425265,11.445761,5.318303
11.434486,10.400995,10.482533,11.066577,11.180609,7.113449
10.797633,10.45581,10.781647,10.589553,10.507462,7.824362
10.729746,10.873213,10.899538,10.9326935,9.456999,6.573836
11.682482,11.512133,9.933077,10.967515,10.403234,4.607816
11.757699,10.724024,10.63038,10.840939,10.645334,8.456897
12.171969,10.7553835,12.53069,11.673894,11.471163,7.992276
10.639711,10.202445,10.932534,11.646796,11.170582,6.8432527
11.502285,10.846165,10.516327,11.168743,10.921267,7.818693
11.324392,10.608737,9.602838,10.761064,10.670619,5.318156
11.203699,10.737403,11.088035,11.124094,10.807505,5.193657
11.074914,10.978566,11.696506,10.921002,10.887035,4.54831
10.306212,9.620667,10.027468,9.86845,6.2400007,8.051689
9.652861,10.226165,10.678514,10.141409,9.003559,8.077555
11.829577,10.719548,11.073583,10.659786,9.476214,7.210408
12.558838,11.0614,11.882249,11.925074,10.830599,8.318085
12.511053,11.596774,11.945757,10.911122,8.937483,4.25024
11.051855,10.140694,9.524375,9.952009,9.831572,8.372534
12.376028,11.041761,11.670715,11.733166,11.628485,7.361412
10.740382,11.500723,12.218726,11.773272,11.705818,5.7212934
10.777976,10.612139,10.574082,10.30746,10.328713,7.977406
11.562759,10.649888,10.744089,11.663521,11.472904,6.7153273
12.181699,10.956625,11.665941,11.517247,10.442377,6.490871
10.794448,10.404176,10.554968,11.557345,10.013957,5.4414053
11.58886,11.131719,10.434648,11.1565485,11.275038,7.3910866
11.997505,10.910897,10.890798,11.066513,11.300087,7.1686993
11.531341,11.874015,10.313729,11.240564,11.202137,3.6617632
10.855336,9.752669,11.741141,10.303736,10.605114,7.749409
9.917841,9.6666,9.74246,10.858298,10.583902,6.9529104
11.067782,11.302898,12.299533,11.719578,10.765621,6.6708217
10.677261,9.844573,9.044421,10.604338,9.969543,7.087343
12.229275,12.124249,10.7585335,12.688191,12.81125,6.340699
10.819116,10.766515,10.600531,10.957695,10.947554,6.1989636
11.499332,11.364638,9.394661,11.374621,11.337887,8.289626
11.7246475,11.686996,9.387358,10.5119,10.484439,8.477376
12.193167,12.317123,13.697219,11.228745,11.349883,3.4540126
8.545741,11.078171,10.641109,10.17338,9.771495,6.0274024
11.706135,11.208473,12.402715,12.080044,11.773042,9.17473
10.832092,8.306627,8.469089,10.359021,10.056518,6.8169575
11.109629,7.932753,9.880971,10.571524,10.579845,8.191401
12.047229,10.926148,11.450901,10.997427,10.360573,7.7752767
11.523214,10.85159,12.019655,10.8926325,10.502901,7.7658544
10.807066,10.577772,10.452835,10.658787,10.233502,6.74432
12.485546,10.390716,9.771542,11.634147,11.149834,7.7557664
11.515501,12.574663,10.897211,11.746115,11.76297,8.653612
12.607178,11.052854,9.998516,11.245909,11.161892,8.003365
10.51905,12.013427,10.738743,10.911343,11.156672,7.2973995
10.682861,11.387367,10.959398,10.607941,9.518869,6.880653
11.2408285,10.741583,9.727711,10.002529,9.981325,3.7611287
10.178121,11.290642,10.392016,9.495004,9.372836,8.322955
10.795906,9.659014,11.141244,9.700615,9.987908,6.6961365
8.241298,10.795675,10.141457,10.672315,10.200594,7.3332567
9.871218,10.641221,11.355291,10.030544,9.7968445,6.361632
12.169779,12.902264,11.69447,12.317391,12.458071,7.298475
12.175763,10.759261,10.644606,12.08357,12.050447,7.5062046
9.90921,10.753608,10.580805,10.636582,10.439094,7.1741357
9.869923,10.42652,9.524991,9.218417,8.037446,6.7236066
10.870781,11.143142,11.702211,11.162643,11.12577,5.322393
9.862426,10.578541,9.667555,9.060986,8.852993,5.761552
11.676108,11.356154,11.779123,10.224659,9.993318,8.053174
10.281379,9.848489,10.933533,9.86913,10.5820675,7.228281
11.669878,10.400474,7.419939,10.9777975,10.709883,3.7298527
11.350023,11.693268,8.003048,11.086904,11.240751,5.6604943
9.604149,10.637039,10.081539,11.096623,11.191277,8.2203045
11.679517,10.231814,8.454742,11.313982,11.302613,3.861157
9.51417,10.418221,10.340188,10.414806,8.122328,8.342175
11.362149,9.744588,9.481938,11.019361,10.642588,7.4975796
9.764036,10.938476,9.109341,11.07446,10.346478,7.6511536
11.658779,10.74056,11.436679,11.079335,11.037617,7.793968
10.603913,9.379397,10.758882,9.680212,9.751311,7.47067
11.503656,11.486017,10.2109165,11.43222,11.196904,6.6119823
10.85026,11.142542,10.816537,8.602155,8.871451,2.474406
9.752483,10.61396,11.53487,10.208885,9.279539,6.840291
10.539673,10.955139,9.726675,11.067772,11.528094,8.064211
12.099012,11.605146,12.138689,11.138068,10.271284,3.6249194
9.996799,9.804633,10.447731,10.3839855,10.522142,3.3995357
11.505235,10.566589,10.799579,10.517916,10.699556,7.814882
12.708518,12.229314,12.890332,12.781359,12.851305,6.5561924
11.308541,11.135603,10.904552,10.131197,9.462354,4.4554057
10.588022,9.907348,9.290188,10.223599,9.94755,7.15478
11.577837,9.176688,11.767625,10.571834,10.014701,5.914613
10.835948,10.7188225,12.07236,11.460167,11.503703,5.6641407
11.226344,10.863127,10.685617,11.463054,11.093798,4.8748713
10.323218,9.80483,9.146152,10.222395,10.26259,8.367441
9.392883,10.317189,9.873397,9.845914,10.0809765,6.9977074
10.885313,9.427981,10.892817,8.990684,8.461208,8.617413
11.497426,10.833521,8.948092,9.27849,8.135422,5.8192782
12.926938,11.903091,9.5170355,11.594113,10.395294,6.4056745
10.747793,11.343138,9.664698,11.324015,9.957569,6.627399
11.522255,9.949785,12.096101,10.923068,11.195664,7.510312
9.87302,10.107344,11.211155,9.721785,9.889488,5.414103
11.538812,10.911424,11.021128,12.035608,10.985315,6.471471
11.38739,10.527929,11.546523,9.864806,9.327552,7.440872
10.804186,10.26541,9.539311,9.708761,9.883579,7.259163
11.294307,10.047186,10.957424,11.192921,11.043922,4.897268
11.226904,9.361829,10.509241,9.231099,9.080224,7.2422256
9.10689,9.54236,9.984453,12.052707,11.985357,5.3745813
9.225694,12.06046,10.619102,11.620743,9.923703,5.9656606
9.812293,9.073481,9.556858,7.742358,8.021053,6.901479
11.388643,10.845896,10.724025,10.039115,10.194408,7.8785415
11.829026,10.180157,9.092519,11.380785,11.550133,6.058159
11.515671,11.419164,9.565734,10.033017,10.120656,5.9260044
9.870993,10.263283,9.393829,9.435793,6.977811,2.3199806
11.125701,10.674799,8.709857,10.40484,10.112801,6.791993
11.28755,11.569426,11.1502075,10.912427,10.69781,3.526189
10.600463,10.204426,10.327783,11.491839,9.918935,7.595084
10.52169,11.137757,10.830971,9.485979,9.546428,8.309663
9.861579,11.031639,10.32318,11.025548,11.070651,7.247082
10.637236,10.431009,9.239576,10.475397,9.538587,8.409197
11.01423,11.189949,8.677643,10.99808,9.962877,5.4204283
10.690756,11.418589,10.595158,10.447494,9.634758,3.510748
9.930498,8.656758,8.915649,9.269907,8.31425,7.030334
11.039915,9.876829,11.17257,11.12786,11.259125,7.1726217
11.67106,12.167421,10.795271,11.935591,11.178672,7.3111806
10.745253,12.358778,12.034933,11.529161,11.580962,6.8572636
10.7416,9.258326,10.2237425,9.883341,10.108012,6.5257745
10.251592,10.713537,8.434876,10.419193,10.588449,7.631659
9.537124,10.007581,10.715241,11.443737,11.447888,6.976
10.522076,10.890434,9.933336,11.007622,10.96906,8.277029
11.612944,12.185565,11.369676,10.236799,10.263332,6.176496
10.529016,11.548807,11.088447,9.038911,8.267605,6.5411654
9.495609,9.476989,9.56082,7.9795437,7.985276,7.8519278
9.361395,9.895786,9.324355,9.572642,8.920461,5.3270025
11.806679,11.100308,10.896109,9.285222,9.307911,6.7457075
10.197589,11.088999,11.816327,10.643265,10.464799,6.0194225
9.937875,11.070178,10.90687,10.756128,10.737766,6.9601927
12.049826,8.849298,10.937135,11.497836,11.546928,8.580531
11.282456,10.460704,11.808159,10.4401245,10.345504,8.95242
11.729113,10.5949,10.470769,10.511688,11.198809,8.548899
9.692955,9.205786,9.634577,9.776074,9.203281,5.947322
10.636847,11.250769,10.7841835,10.868365,10.992259,6.9488606
10.666675,10.991969,7.7954993,8.766081,9.888168,5.04471
11.95364,11.428146,11.460504,11.210681,10.751251,8.589248
11.256287,11.307468,11.23017,10.692034,10.268454,6.172294
10.284327,10.268546,8.750941,9.924092,9.49689,7.616924
11.999025,11.129776,11.293783,10.87452,10.413409,7.469527
11.038255,10.899911,11.287679,11.7570305,11.752488,6.135467
12.135795,11.613999,11.912741,11.052863,9.364069,6.9399166
9.4252615,11.447171,10.708282,12.291582,12.191587,5.210452
11.174216,11.348085,7.2891903,11.176986,9.840114,4.982848
10.404324,10.849384,8.94878,10.823467,10.400938,6.481144
11.535773,10.788234,10.719181,11.095472,11.083967,6.3091307
11.022559,11.10636,10.865418,11.069521,10.993705,7.5944033
11.29112,10.944829,9.563624,11.307771,10.870743,3.4592307
10.7574415,10.838912,9.902715,11.548832,10.815548,7.0960193
10.807474,12.175356,11.4205265,10.891621,11.024103,8.382493
10.146658,11.665106,10.890085,10.513238,11.130706,6.1946874
11.377154,11.82255,11.546279,10.38913,10.371611,6.567528
10.921267,12.002697,12.172155,11.651331,11.754108,7.3348837
11.875092,9.75555,10.828917,11.4229,11.626481,7.5074716
11.884813,11.03242,10.403844,10.992256,10.772957,7.4533415
12.149551,11.743701,10.621305,9.588851,9.034726,7.1719613
11.9860935,10.934878,12.187315,12.107957,11.95443,7.0068803
11.696481,10.986647,11.480766,10.596893,10.863111,7.4073105
12.301076,11.648633,10.739448,11.7949095,11.677886,7.923075
12.10517,10.075411,10.5414295,12.184947,10.575428,7.082206
12.81198,12.384716,11.060583,12.407494,11.527096,5.178198
10.756042,10.807558,10.814851,9.680085,9.686545,7.9624023
10.759074,12.523422,9.371154,11.941562,11.58811,6.072748
11.44504,11.995854,10.497591,11.899864,11.590364,5.0064797
11.039761,11.468221,12.100315,11.561791,10.663677,7.412956
11.8997,11.330627,8.738859,11.006637,11.060888,7.820077
11.33636,12.247844,7.267565,10.889962,10.122631,7.076017
11.978553,8.862996,11.148345,11.159532,10.09733,5.0562987
11.097184,10.950269,11.0592575,10.926455,11.192012,6.779646
11.332767,10.818753,11.056915,10.466868,10.536583,7.0746684
11.413102,11.602045,12.212288,10.917411,11.009055,7.306209
10.964586,11.368737,10.1183815,10.786551,10.182667,6.283847
10.669737,10.586766,7.330735,9.500951,9.802598,7.7704606
11.415091,11.285363,11.127285,10.949905,10.530196,7.8814473
11.0484705,10.967864,10.072075,7.2401953,7.8875527,7.089643
11.672013,9.974742,10.804925,10.803499,10.839823,7.5623198
9.53405,11.189238,10.487836,9.645504,9.310768,5.7666607
11.95885,10.524186,11.29523,10.037153,10.019905,6.426029
10.966848,9.465779,9.921615,11.552283,11.2897625,6.061991
11.39453,10.110639,11.083599,10.434124,10.223072,7.186905
10.681789,10.143364,9.991275,10.990238,11.005343,7.327946
11.564025,11.259155,11.088767,10.882603,10.280435,4.5140944
11.785611,10.776115,10.192427,10.479239,10.722883,7.848197
11.8164835,11.410033,11.768821,11.564899,10.76937,8.463782
10.729852,11.295571,8.888084,11.274438,11.510686,6.547981
10.41443,10.203535,10.4221325,10.52401,10.340014,6.96469
10.631023,11.14491,8.225481,10.948909,11.046469,6.501289
10.719082,8.761547,11.761114,11.07068,11.052619,5.361506
11.29908,11.527617,9.647576,10.360209,10.529633,6.311564
11.068733,11.633797,9.314574,11.065532,10.768109,4.5287585
12.351002,11.511091,7.5463142,9.825928,9.942717,6.1271048
12.248888,10.75886,10.459257,9.784252,10.552517,6.65063
10.867018,9.9598465,10.483852,10.130281,9.086597,5.9961367
11.083221,11.833044,9.257471,10.72178,10.346475,4.30665
10.858375,10.497141,10.196774,10.339207,10.474824,7.7999516
12.290602,12.06599,9.404849,11.587334,11.290207,8.197562
12.717296,11.333465,12.190681,12.339883,12.480097,6.4301205
11.643424,9.1662655,9.218546,11.412136,11.35151,7.67375
12.014453,11.197874,11.519998,11.878576,11.038919,7.1919346
10.571485,9.146886,10.679709,10.3121605,10.4412775,7.144811
10.417249,9.591138,10.278988,10.386903,10.230171,6.865713
10.995443,10.893313,8.301834,9.788573,10.057594,6.4772596
12.039551,11.458094,10.329657,10.506607,10.874664,7.4620566
10.377544,12.743034,12.42514,12.270323,12.386874,7.3506775
11.462918,12.071049,10.787167,12.017917,12.316955,7.9656343
11.976046,11.857623,11.05061,11.511812,11.330023,7.408061
10.478511,9.095483,8.316374,8.7731905,8.865059,3.032426
12.101769,12.456218,10.154644,11.516137,10.623976,7.622707
11.576217,11.791199,11.147263,10.75786,9.616894,7.7016983
12.943194,10.920057,10.576442,11.988324,11.829145,5.22399
12.105475,11.147634,10.622497,10.6047325,8.881531,5.84362
9.741749,9.899322,9.878669,10.9311695,10.116684,6.7980123
11.614615,10.902405,10.603594,10.923128,11.615622,6.4648805
9.604406,10.794802,10.163399,11.7014675,11.368363,8.7317505
11.053916,11.250991,10.468646,11.318658,11.249368,6.1959176
10.954562,10.802637,11.533752,10.817759,9.673903,6.5108776
10.909899,11.436327,10.116392,11.749443,11.764388,6.31572
11.239376,11.540969,11.038482,8.894315,8.748194,6.3197627
12.432606,12.636016,11.623484,11.947196,12.066753,5.628352
11.556476,10.493007,10.818147,11.108185,11.354173,5.8852143
12.299825,10.773973,12.183834,11.121278,11.02955,5.816042
10.017504,10.650487,10.595087,10.62915,10.689687,5.6203537
10.845506,12.413187,11.516926,10.910111,10.966998,5.442893
10.17328,11.229904,10.059783,11.667499,9.606143,7.246767
11.153278,11.424324,10.1642,11.461688,10.8045,5.9260902
11.324792,10.596435,9.801927,10.3100395,10.742001,8.199309
10.408174,10.622767,10.910205,10.63988,10.814124,7.901761
9.227495,10.560234,10.119301,9.5392275,9.274776,6.649296
11.4562645,10.822554,9.357439,11.5300865,9.467634,6.372587
10.880478,10.240706,10.753629,10.2341385,8.933819,6.9916916
10.282019,10.779179,10.613648,10.690597,10.472185,8.65592
11.073446,12.004927,10.626421,11.246398,11.318947,7.6702347
12.118295,10.29158,9.857556,11.752765,10.776224,7.065554
12.197683,11.449223,10.193425,12.4509115,12.5111475,5.7593126
11.305499,11.374178,11.984194,10.683559,10.987395,7.009833
11.163618,11.149448,10.222687,11.036011,11.237148,7.058378
11.361385,10.5680685,11.51497,11.723061,11.397273,7.6147738
10.248756,11.620679,10.1314,11.329534,11.588695,7.0020466
10.957701,11.589861,10.445906,11.298187,11.083505,6.7541738
9.002962,11.230586,10.5916605,8.009413,7.7032175,5.779734
9.04931,10.526896,9.771795,9.29543,8.790438,7.564212
11.127076,12.005252,9.870198,10.773376,10.5773115,5.6307254
10.793673,12.67644,9.889553,12.388135,12.056691,7.0596766
11.502706,10.37238,9.70633,9.051468,9.13831,7.5228148
10.553956,10.491531,8.084809,9.443497,8.889362,6.716879
10.28073,10.718169,10.736136,10.913509,11.199361,6.3670273
10.590342,11.875274,11.239708,11.749628,11.419229,5.7055025
11.398788,10.250784,11.810249,11.317958,11.285849,7.6090183
10.361808,12.289633,12.564768,11.734087,11.729969,4.5909452
11.4339,11.22386,10.210643,8.582954,8.49202,8.157023
10.516851,11.295742,11.205352,11.701961,10.185581,6.633395
11.706309,10.91216,11.533231,11.223487,11.308909,7.3795643
8.522397,10.978725,8.843394,11.451635,11.317181,7.108344
10.633034,9.351644,10.674854,9.904214,9.931458,7.624866
11.127565,10.764418,10.974853,10.780973,10.144721,6.177893
12.060777,12.578328,12.232034,12.006494,11.77305,7.004484
10.874304,8.317462,9.322987,8.39728,8.896651,6.348357
10.685912,12.02604,12.944323,11.86623,11.235104,3.870535
11.237464,11.275512,9.546408,10.853447,11.308085,6.7121806
10.672873,11.146449,11.078925,10.519405,10.837388,6.5250187
12.158629,11.086868,11.647229,11.311483,11.102677,6.094841
11.295052,9.698308,10.931394,10.668086,10.018575,8.236876
10.826105,10.8738575,10.767151,11.126671,9.872676,3.9081938
12.170978,10.412677,9.80264,10.9411335,10.3014965,4.0286717
10.423208,11.316692,10.543191,10.079684,10.1563635,6.857761
11.092186,10.116229,11.319225,9.48796,9.711074,7.2497272
11.863943,11.795765,11.8526,11.61351,11.6533985,8.211972
12.503945,10.404205,10.40582,10.289156,10.435408,5.5062323
12.43729,11.926273,11.276821,12.407712,12.237407,7.1005716
11.643153,10.471059,10.36332,9.931689,9.876541,5.561945
11.075648,10.032515,11.080531,10.083996,9.855713,4.9810324
10.66365,12.15082,9.260477,10.862358,10.6058235,4.8248773
10.913521,10.865618,11.28107,10.791119,10.715257,3.7958355
12.048859,9.885157,10.981658,9.5635,9.267779,5.95424
12.207091,11.025084,11.046749,10.047648,9.992092,6.535055
11.251104,10.290826,10.098698,11.264725,10.831051,7.928018
10.667856,11.296128,11.199558,10.313337,9.918843,5.599966
11.144526,8.995122,10.616843,10.127155,8.043907,6.4083877
10.835206,9.633186,11.008713,10.821713,10.516714,7.225332
10.977849,10.798617,10.92539,11.783352,11.316789,7.6792502
11.0914955,10.078083,10.1976595,8.918042,8.818924,7.795275
11.684924,10.297938,10.844076,10.669106,10.500976,7.704862
12.509884,12.526942,12.726494,12.263532,12.158033,3.7053232
11.317409,11.024601,11.011841,10.681516,9.978467,6.845079
12.360374,11.151579,11.297138,10.779136,11.111137,3.2152457
12.105227,10.789997,10.774806,10.82176,11.272083,7.090782
10.240458,10.594102,10.525916,10.602242,10.670219,7.288537
12.186143,10.832973,10.447283,10.323201,10.419652,6.4428043
10.159304,10.79492,9.848446,10.339205,10.481282,8.221651
10.443844,10.784335,10.398075,9.778346,8.737522,7.3752413
12.118468,10.877985,11.493574,9.8700485,9.3191805,5.455058
10.590676,9.763293,10.461401,11.196235,11.277625,6.3321266
11.521164,11.148768,9.924458,9.132178,8.134924,5.961031
11.248403,10.102725,9.9902115,8.269257,7.669914,8.040559
11.864655,10.946346,11.259227,10.589658,9.539266,8.650363
12.225601,10.624205,11.303747,10.875162,11.22837,6.3223267
10.4760895,10.238105,10.411664,9.956542,10.259583,5.4247494
12.064212,10.710568,11.674226,11.716808,11.693062,5.554205
10.088955,11.109738,10.444308,9.702348,8.880224,7.4220934
10.634638,10.444755,8.873815,10.314896,9.922202,6.6432133
11.515804,10.826883,10.750924,10.6401415,10.197233,8.312249
11.309326,9.898226,10.579493,10.533184,10.539007,6.7154417
10.552269,9.260294,10.152629,10.966941,10.449311,4.347498
10.671281,11.221034,11.108659,11.288784,11.225498,7.3231025
11.871935,10.478807,11.745957,9.120819,9.444349,3.9311473
9.747882,10.361135,10.300253,10.552256,9.479291,6.2134476
11.215382,11.112098,11.281911,11.449736,11.0753355,7.503948
10.355971,11.72515,12.024538,11.730057,11.858887,4.417898
11.068899,10.903569,11.306371,10.893426,10.7637,6.442
10.244895,10.435719,11.453932,10.111344,10.437431,7.9593287
12.185582,11.607855,10.370917,11.0315895,10.655346,3.4242542
10.727991,10.409893,11.816697,9.880163,9.18414,7.875329
11.866793,11.800431,9.878601,10.39631,10.614655,2.3668885
11.777466,10.981205,9.882371,10.274284,10.723412,9.105524
9.491838,10.4430895,10.664593,10.418901,9.935539,5.9861736
10.392057,11.182751,10.412299,10.099199,8.742877,6.8608623
11.114569,11.578025,12.009857,9.901524,9.971312,6.3947673
7.333637,10.595903,10.245959,11.148995,11.2595415,8.621343
12.311381,9.82664,10.58688,11.065161,10.899492,7.385614
12.72851,11.539398,9.856345,10.720196,8.607784,7.328414
10.392845,8.264658,8.171699,10.420628,10.245229,5.516255
10.546402,10.790031,11.64242,10.545954,10.506442,6.6032495
10.2420025,11.121484,10.883235,11.505866,11.59269,7.2213736
11.932321,10.397643,9.8470745,10.905446,10.024436,6.3519397
10.085141,8.940427,10.042244,10.600728,10.552257,8.121777
8.799124,11.091579,10.440926,11.263389,10.849773,7.6646404
11.526561,11.159345,10.614291,11.59267,11.559565,6.603437
10.991684,10.457968,10.615547,10.589119,10.741656,4.1998253
12.004638,10.827332,11.425228,11.797342,11.612618,7.5810857
12.545081,11.13493,11.801465,11.344544,11.545054,5.602594
10.536825,10.950316,9.715722,10.444138,10.483842,8.782963
11.389576,11.313718,11.515699,11.039883,10.0812235,7.080111
11.489157,11.912115,11.045625,10.969646,10.897973,7.148235
11.211833,11.340563,10.446929,11.162933,11.557901,7.2053847
11.528379,12.175021,11.5891075,12.34194,11.856339,7.988494
11.103723,10.451433,11.43625,11.026608,9.394717,5.600348
10.080071,11.649505,9.110723,10.924956,10.559383,7.4332857
10.594439,10.215748,11.040461,10.148802,9.447683,7.0228558
12.28958,11.197757,10.81942,10.710701,10.568709,7.4326277
10.880704,9.392258,9.944562,11.486853,11.050038,5.123935
11.535139,12.43342,11.717396,10.702982,10.395809,6.5641775
10.158531,10.747843,11.610661,12.31676,11.800867,8.663629
12.283955,10.947967,10.951817,10.446378,10.4188595,6.733051
10.931635,10.953282,11.421676,10.280069,10.01166,6.8118653
11.233599,11.001014,12.111534,11.549608,11.693226,3.6821027
11.776166,10.6133175,12.22127,11.413522,11.297381,5.7017946
11.554477,11.714166,11.715473,10.982015,9.563604,6.881829
10.331499,10.067362,9.745366,9.369386,9.113455,5.503694
8.497395,10.49544,10.901996,10.6863,10.647015,6.1435294
11.705598,11.819216,11.539661,8.287165,5.801526,5.2615952
11.242574,11.589867,10.215958,11.067729,11.092279,6.6897774
11.370349,10.602532,9.149284,11.458816,10.300179,6.6381483
11.916298,10.991607,12.249392,12.189965,10.58102,4.0634923
11.519671,10.659762,11.066256,10.348314,10.337425,7.1218715
10.416448,10.426762,10.539215,11.045852,10.466105,6.458902
11.066846,8.71586,10.380683,11.498145,11.709074,5.9642887
10.491274,10.918788,10.829635,10.681487,10.863361,7.286665
11.751506,10.783448,11.363418,10.924027,10.818524,6.9870625
12.254243,11.203688,10.326578,10.699398,9.622408,5.6100035
11.830076,11.7339735,10.437526,11.686384,11.651086,8.292003
11.555195,10.313513,9.737387,9.963021,8.715662,3.3860922
10.919347,12.409932,9.714431,11.051096,11.053717,6.3861527
11.369557,10.45537,9.423699,10.753562,10.662549,5.009949
11.841113,11.123123,11.008573,11.86531,10.789433,7.2178903
12.40191,10.655368,11.083311,11.450033,11.261574,5.9734983
11.397075,11.85617,10.6524315,11.229089,10.95799,6.7583485
11.578646,10.572094,9.867225,11.265449,11.320683,2.0093927
12.066365,11.179106,11.769999,10.982085,11.030771,5.156313
10.163657,8.241799,10.299963,9.353497,9.899384,7.2561464
9.504093,9.315666,9.259665,9.593441,9.701363,6.3224874
10.208378,11.208083,10.310811,11.475015,11.626266,7.548727
11.295734,10.767682,10.089132,9.460786,9.590113,9.240772
11.105211,10.452056,10.648506,11.783095,11.142475,6.8874397
8.964194,11.432292,11.132817,10.282142,10.429212,4.606145
10.498494,11.166794,11.602813,10.427744,10.204699,5.896184
11.496414,9.07516,8.010402,10.056987,9.073334,7.8615026
12.469106,11.366413,11.634394,11.192575,11.1752825,6.4192986
12.376687,11.461168,9.649572,12.014248,12.069758,6.97802
10.963549,9.210472,9.758414,11.560273,11.637309,7.6661744
10.670204,10.76516,10.086637,10.505845,8.964994,7.3482566
9.561917,11.555575,9.258758,11.509961,11.108362,7.601312
9.481237,11.111371,10.4907675,10.761934,9.8677845,7.572439
11.427663,11.127443,11.935928,11.405849,10.820211,5.78839
11.028051,10.848045,11.249926,11.099044,11.408759,6.87177
11.075701,11.467633,10.18228,11.741769,11.798716,8.073745
11.2778425,10.08408,11.022263,10.110161,10.266773,4.544714
9.217153,12.115433,10.535209,10.534841,9.690833,7.7991405
11.526404,11.588454,11.041679,9.685944,8.173962,6.8138633
12.342452,12.122702,11.644512,11.777145,11.737893,8.405143
10.394893,11.37471,10.30748,9.98633,10.308636,7.415456
11.431825,8.547316,9.119776,10.720917,10.489676,6.4488754
11.569972,10.945077,9.464745,10.451286,9.868441,7.591251
10.106243,12.01643,12.432145,11.114055,11.0056505,2.3352795
10.955305,11.53014,10.22464,9.764178,9.591831,6.5156307
11.654101,10.579436,11.711409,10.740129,10.255354,8.101487
11.687826,9.804031,11.160349,11.123054,9.404829,6.38559
11.155123,10.351395,11.573008,11.031052,10.936332,6.0938964
11.296963,11.262789,10.424565,8.2491,8.151957,8.319828
10.368911,10.248591,9.987626,10.110679,10.374562,6.7858768
11.721826,11.603062,9.309291,10.274547,10.050275,6.5835123
12.184458,10.623052,10.799777,11.462003,11.5224695,6.187586
11.793793,11.882852,11.344112,11.418606,11.502943,4.1398005
11.606153,9.886267,11.500661,11.315929,10.5510645,5.062682
10.300661,10.963867,8.478473,8.981593,6.4945655,7.9813585
11.081265,11.385377,10.53662,10.620517,10.869064,3.9008584
12.875674,12.113494,11.781961,11.442691,10.516319,7.3107696
11.060949,10.666516,10.003116,10.397985,10.668649,7.7018027
11.132043,10.605401,10.225632,10.6843605,10.589166,7.0470204
9.689131,11.368349,10.074773,11.333276,9.371782,5.186837
10.781217,9.882519,10.60219,10.638739,9.260391,6.507192
11.315848,10.679731,9.566645,11.3342085,11.408052,7.276787
11.797369,11.185323,11.797099,11.056609,10.885771,6.0332904
11.397872,11.359789,10.611025,8.152504,7.983914,8.116845
11.7349205,12.150905,12.018918,12.743583,12.602063,4.408883
9.96126,11.517975,9.673331,9.804815,8.874166,6.808696
10.755804,9.943231,10.942327,10.637414,9.754189,7.349773
12.066724,10.670184,11.623362,10.96217,10.817945,5.2195444
11.388901,11.034973,10.952054,11.186544,10.834321,8.285623
10.485596,10.445186,10.300897,11.014306,11.188653,7.2276993
12.772343,8.406367,13.032324,12.199875,12.028872,8.410096
11.324291,10.428788,10.321837,10.216965,9.354007,5.8378887
11.593128,10.568148,10.3412695,11.208021,11.632144,7.3701534
9.99084,9.348169,10.847531,10.525634,9.621826,7.7670083
12.197521,11.71264,11.727825,11.644826,10.904438,5.765832
11.427029,11.454464,11.500297,11.162079,11.319707,4.652564
12.778109,11.779988,12.615071,11.877368,11.802433,8.114178
8.308335,11.405247,11.274382,9.542129,9.600093,6.747457
13.200294,12.478622,11.895835,12.353659,12.160517,7.683202
11.592013,10.159297,11.500502,10.919575,10.892149,1.9660268
11.634523,10.001274,11.56801,11.139986,10.559961,7.3748627
10.343453,10.786518,10.445835,10.020431,10.158254,6.513702
11.560197,12.174245,11.863842,11.696491,10.523594,6.1117654
10.942812,10.625555,11.558397,11.243799,11.582012,6.271696
10.155483,10.204418,11.293587,10.587006,10.588517,7.3871455
11.034537,10.197702,10.839043,9.087857,8.260397,7.891098
10.515058,11.524716,10.86456,9.34076,9.41012,5.335275
12.248698,10.33116,11.996384,12.445531,12.8508835,6.997508
11.9136095,10.814072,11.302327,10.481214,10.507947,6.8263803
12.304104,11.912283,10.952121,12.538789,12.767359,5.4843864
11.402498,10.086292,11.30304,11.551292,11.496634,7.3136535
11.542878,10.917335,10.33208,11.509378,11.717935,6.652682
11.074114,9.832934,9.613529,10.312107,10.5199375,6.1429768
10.619156,11.265315,10.9313755,10.522548,10.604949,7.4655585
11.49767,10.6308565,11.061364,11.56165,11.605373,3.6633248
11.29364,10.963011,11.612186,10.16504,10.155372,8.400631
12.050182,11.459651,6.749895,11.634602,11.333517,5.702805
11.2339735,11.4976015,10.49714,11.399251,11.479013,6.051574
10.433376,10.263481,10.72526,9.938791,9.962503,6.5546207
10.0912075,11.813042,10.579321,10.587751,10.669671,8.606857
11.075245,11.790825,11.81395,10.207776,10.352719,5.0525775
9.541985,10.980315,8.714337,11.153225,11.5276375,7.5298386
11.839929,8.207225,10.9844055,11.572414,11.151509,7.698693
11.47934,10.7972975,10.311815,9.841737,7.9695835,6.760502
10.759816,11.804446,10.700338,11.473644,11.361716,5.39671
12.017268,11.625725,11.341452,11.203523,11.427969,7.074722
12.242148,11.991259,9.394083,11.612535,11.75494,7.2145023
10.289088,11.955974,8.750397,10.901979,10.703193,7.695341
9.782352,10.302003,10.995921,10.28162,10.415786,6.6563773
12.298909,11.551823,12.396465,11.965822,10.883911,8.912792
10.825142,8.439591,11.025469,11.736069,11.524886,8.043886
11.652839,10.868344,10.405198,10.541615,10.604526,5.806637
10.984968,9.380719,9.872311,11.666714,10.950872,7.349663
11.611933,12.125026,11.331656,10.72351,10.212112,3.0797853
10.930739,9.981581,10.860081,11.851904,11.726535,3.9895437
9.279028,11.133404,11.523613,10.574437,10.228163,7.0074854
11.514124,9.970893,10.5898695,11.666386,10.324933,8.296531
9.565531,11.228134,6.8185062,9.428115,9.796423,6.43021
11.784326,10.221844,11.029944,9.1997175,8.778126,6.4904537
11.49728,10.607458,10.440221,11.737778,10.984915,7.636222
11.381242,10.4753,9.055427,9.918872,9.782249,6.8615885
11.137789,11.484293,9.559592,10.950394,11.511401,6.9590645
11.721981,11.286377,8.943823,10.440698,10.221402,5.5198545
10.713481,9.305273,9.090944,9.665212,9.675489,7.353668
12.563919,10.941004,10.138665,11.175722,11.071622,4.911382
11.368677,10.897702,6.899136,10.7553625,9.005643,5.250868
11.647237,11.545515,11.422353,11.46875,10.594589,7.213657
11.438449,9.897032,9.665966,9.527222,8.713544,7.126739
11.437649,11.798803,11.198878,11.184258,10.749245,6.0348725
10.226454,9.680223,10.659496,10.786799,8.458931,3.9262717
9.369011,10.183075,7.3912983,9.756839,9.417868,7.206977
10.772019,8.763891,11.621942,10.584281,9.872894,6.152505
10.707716,10.507233,9.495056,11.029073,10.826163,7.6732345
10.352781,9.482574,9.355118,9.772404,8.695925,5.4604497
9.324728,11.226933,11.58108,10.147545,9.984319,7.615609
11.20956,10.7192745,11.196952,12.414856,12.387145,6.2023706
10.580556,9.560665,10.503656,10.806814,10.553326,7.646331
9.760187,9.534671,8.545253,9.724665,7.5309873,5.9959784
10.640099,10.2404785,10.6840315,9.894016,9.575283,6.0275545
11.247052,10.970306,10.979183,10.975767,10.402901,7.9371414
9.52893,10.712847,10.485826,10.551974,9.141271,7.47989
11.812442,11.63537,11.151226,11.054565,11.22579,7.3836436
10.613651,10.033903,10.809032,10.750538,10.341546,7.7632723
10.212565,10.574578,9.759162,10.009703,9.911152,6.148002
11.57544,10.020455,10.210513,9.8837805,9.497616,6.309164
10.137804,10.637512,12.660118,11.367727,10.38312,7.5049047
12.461063,11.606525,11.888315,12.069904,12.220428,7.535025
11.062553,9.678791,10.387364,10.575487,8.93985,7.2917137
11.207285,11.8641405,9.645935,11.657327,11.691089,5.7204556
10.529,11.320597,12.493612,10.482524,10.328743,7.1701374
11.077295,9.796664,9.078722,10.607904,10.647615,6.7416153
12.164875,10.721481,11.967742,12.278918,11.843272,3.5851228
11.816811,10.804317,10.284115,10.606613,8.986376,4.2346125
10.602482,11.279429,8.169437,10.994262,11.406636,7.373031
10.738457,10.702992,10.101144,11.829517,11.776219,7.5392923
12.62665,11.664021,11.816941,11.5884075,10.795332,7.9597106
12.034337,11.257485,11.263092,11.489534,11.44774,7.4281254
12.566716,11.553219,11.863821,12.506088,11.54838,6.781768
10.45176,10.592325,9.793962,10.502283,10.617877,6.9233384
11.289368,10.73894,10.170633,10.533661,10.586404,8.050521
11.040925,10.710735,9.528442,12.546019,12.525642,6.7627335
10.850119,11.056276,11.491698,10.996441,10.962702,7.7343836
10.483361,9.840229,11.349335,10.766755,10.770375,6.538097
10.922913,9.9489,9.907817,8.653482,8.245856,8.270128
10.038513,10.489178,10.23469,10.046329,10.358825,7.0791655
10.699692,12.26219,11.183751,10.36935,8.7139635,8.055471
11.437089,10.329753,10.542171,10.755789,10.148136,7.280195
11.465796,10.888025,12.257986,11.503856,11.645507,6.422554
12.07638,11.164557,10.672859,11.277463,10.921713,3.587166
10.839685,9.779045,9.713309,8.7421055,8.643387,7.9133973
10.26622,9.575329,8.351712,10.316822,9.43076,6.308522
11.613963,11.724692,10.650847,10.032015,9.924096,6.3268557
10.667575,11.403636,10.497342,11.475552,11.22871,7.169235
11.120322,9.919839,8.393121,9.4272,9.47083,6.3975506
11.615197,12.407537,9.886192,11.5838585,11.348541,6.3258734
11.721708,9.8141985,8.964034,11.589446,10.016422,5.9122114
10.145739,10.051819,11.023756,10.9675865,11.033096,4.4874673
11.305114,12.427645,12.249054,10.001488,10.1706505,8.873716
11.712398,10.93204,10.736323,11.843926,10.185993,7.343349
10.789214,10.743472,10.676656,10.973292,10.848256,4.801723
11.930658,12.732429,11.339859,12.431976,12.413158,6.709518
9.403186,10.448501,11.137301,10.282579,9.946443,6.892127
11.510593,11.417744,10.669116,11.1271,9.671677,7.225046
11.473439,10.835889,9.977417,10.798784,11.106801,8.380497
11.860691,11.526328,11.512777,11.819127,10.776634,7.749315
11.576309,9.313277,10.330383,9.864859,10.124168,5.5393386
10.72929,9.857772,10.277285,10.85459,11.103996,8.143242
11.371218,9.159831,10.447017,10.343494,9.9138,7.2036557
11.310683,11.367596,9.175228,11.06958,10.197263,7.4539657
11.309064,10.906109,11.543569,10.955712,11.010822,4.4609766
10.691554,10.463106,10.7616,9.959232,10.639806,7.0722775
10.772027,10.165599,9.5685215,10.697447,11.334121,6.583714
12.705348,12.074754,11.201095,11.6004095,11.849022,2.293843
10.263741,10.94301,10.957356,9.390904,8.711474,6.259922
12.002554,10.897055,11.947118,10.559589,8.337352,8.471357
11.333793,11.264723,11.136168,10.83432,10.756859,7.0894976
9.059567,11.075474,11.281812,9.755969,9.7204,6.928649
10.346332,9.998678,9.947656,9.7441025,9.187213,5.531217
12.298887,11.546493,11.1161,11.80945,11.764364,2.8556426
11.953702,12.15061,11.766996,10.887031,11.017381,3.0016975
11.973056,12.0389805,10.732979,11.467474,11.078984,7.165044
11.208081,11.30908,11.985904,10.50541,10.893991,6.237778
9.152936,10.778354,10.380803,10.658125,10.797442,8.352806
11.015815,11.585275,8.848359,12.712026,12.816301,5.595033
11.110132,11.356214,10.95375,10.716615,8.485194,6.210571
10.062059,11.64237,9.778923,10.249927,10.31745,6.2769794
10.386688,8.965135,10.974884,10.9987755,10.650373,7.6698756
11.267811,9.694799,9.526523,10.9940605,11.228805,6.3383875
11.397636,11.342341,8.531048,10.861503,10.362073,6.2471867
11.454134,10.714628,10.547546,11.247407,10.775146,6.5394535
10.711194,10.5211115,11.5774145,11.736706,11.7166395,3.1752272
8.972481,11.586123,11.809758,11.206919,11.29364,7.7693143
10.701748,10.604141,10.335975,9.637369,9.376791,6.469516
10.8084755,11.137006,11.269529,11.410281,10.9469185,6.478685
9.682542,10.028138,11.270494,10.54673,10.658306,8.132027
11.268032,12.163533,9.103514,11.678454,8.371654,6.5001597
10.735716,9.874047,11.128057,10.495276,10.385724,6.1002192
12.299091,11.278718,10.821424,11.757741,11.6705265,6.6585417
11.95989,10.687829,10.907466,10.865505,10.650711,6.8870463
11.855375,11.310415,10.141886,10.116445,9.84035,7.5652065
7.966754,10.051569,11.046136,10.617912,10.472159,5.9122715
12.300316,10.219337,9.787572,11.580506,10.991864,5.8987513
11.804764,11.693064,11.047696,11.191746,11.17883,5.7941737
8.954781,10.199395,10.028123,11.121233,10.259543,6.8501973
8.533642,11.319683,10.894333,11.714485,11.693491,7.913995
11.79783,11.487538,10.984779,11.653516,11.343499,6.580136
10.390316,10.807805,9.957919,10.849907,10.932587,8.723242
11.819415,11.576545,8.4939375,11.518988,11.554625,8.0763855
11.951371,11.8833275,11.983746,11.374159,11.1669655,7.1280284
11.131263,11.454622,11.018537,11.077503,11.038161,3.6096888
11.205893,10.375357,7.7825756,10.036468,10.492776,7.1400175
10.308839,10.488281,11.54129,11.618195,11.314332,6.6178455
11.46534,10.913557,8.835312,11.731271,11.522783,5.7492943
11.167891,10.2337675,11.046671,11.421076,11.060438,3.0353012
12.102093,11.639393,11.570922,11.87779,11.935182,7.231669
12.315095,10.4338875,10.013429,11.540108,10.968849,6.5600605
11.660838,11.538657,11.345081,11.215843,10.015688,7.6223917
11.858146,11.079151,10.181128,10.42962,10.055072,5.4584894
9.562399,10.291863,11.407115,11.26375,11.1870575,6.004754
8.13431,9.752987,9.12002,10.7124815,9.840995,7.1933937
12.027936,11.023737,11.823807,10.963191,8.979567,4.9462667
10.908802,9.7206955,9.5345125,9.1318245,8.935376,6.115609
12.156877,11.438196,12.016174,11.04486,11.074616,5.455032
11.050391,11.521573,10.635698,11.308946,11.236466,4.9790645
10.82662,11.91036,10.896087,11.866773,11.949984,6.8886957
11.988447,11.281893,11.732451,11.026176,10.711343,6.806861
11.89485,10.86171,9.247257,10.976991,10.980073,5.975364
11.698739,8.627974,10.481001,11.604522,11.155276,7.975601
12.249056,10.500235,11.910984,11.033054,11.114041,6.4245324
11.585059,11.192177,11.137018,11.398127,11.541823,4.12651
10.707079,9.945918,10.209183,11.3708725,11.477903,7.079462
11.940239,12.162651,11.195572,10.596334,10.248289,7.797946
12.421999,10.5938,9.277098,10.484093,10.0331545,7.3761272
8.613503,9.941008,9.95615,10.689972,10.771218,5.6021204
11.451574,11.096235,7.6458855,12.14313,12.180285,7.55115
10.220734,10.560225,10.13899,10.843307,10.834207,7.108828
11.189204,7.5064216,10.438946,10.502671,10.425079,6.8845134
9.966448,10.303433,11.1150875,11.481441,11.537193,6.6215487
10.089393,11.120861,11.792177,11.800913,11.488734,7.7547894
12.0735855,10.832257,12.294138,12.342979,11.649827,5.1826606
12.617329,11.969093,10.388662,11.478005,11.42625,7.3455625
10.884643,10.889258,12.088065,11.162658,10.747614,7.666381
11.201572,10.671762,10.440184,10.713594,10.578434,8.143106
10.708467,11.980597,9.568908,10.265722,9.847873,2.4500117
9.431181,10.793063,11.59223,10.554141,10.184713,8.002042
9.277787,10.429817,9.732451,10.859835,9.060809,8.295913
11.516662,12.020627,10.239436,12.076935,12.154912,7.358222
11.294809,12.305521,11.355279,11.731085,11.543032,8.646117
11.165841,10.934597,11.672414,11.0483,11.168868,7.15482
9.630899,11.207658,9.131135,10.309216,7.674185,7.36739
11.162062,9.632466,9.978291,10.4787655,10.409791,7.30437
12.575464,11.23007,10.4054785,11.788258,11.93265,8.141987
10.579916,10.5640135,9.151968,10.772473,10.477591,7.1371746
11.3860235,12.231335,10.87271,11.623803,11.083455,6.1669416
9.717855,9.781302,10.180567,10.635763,9.0768,8.170214
9.776011,10.399047,9.855726,11.011039,10.795801,7.303179
10.712589,9.762546,8.943684,8.732825,9.251897,5.625476
11.704322,10.181892,10.774533,12.076115,10.996614,7.565704
11.695741,12.073008,10.951724,11.827867,11.795501,5.6227884
11.59698,11.467714,11.810739,10.530681,11.002598,3.6655488
10.913375,11.845352,10.963623,11.706119,11.74609,5.382053
11.038837,8.342281,11.402883,11.147595,10.420788,6.9563932
11.709556,11.598057,11.962227,12.316585,12.294814,8.142896
11.452613,11.910275,11.236885,11.564323,10.51107,8.22852
12.125727,10.251177,10.795938,10.311957,9.337726,6.7955756
8.688022,10.972064,11.908684,11.928819,11.915333,7.379975
10.962422,10.679842,11.052721,10.644972,9.881703,7.512004
11.803646,12.258146,10.235069,12.435814,11.797306,7.5039763
10.524512,10.6531105,9.578852,11.377035,11.443041,7.1337485
12.61976,11.667349,11.32169,10.051214,9.846404,6.938504
11.406044,10.867608,11.284823,10.630371,10.249847,7.972869
11.328403,10.746781,8.574803,11.350564,11.506823,8.783364
10.574978,9.981744,9.799669,9.907165,9.730796,5.878318
11.7022,11.191923,11.451664,10.91032,10.697536,8.292658
9.008084,11.293372,10.513631,10.909943,11.031745,7.288374
11.616421,9.964796,11.476705,11.377367,11.641252,7.3147817
10.986157,10.699362,10.567074,10.811305,10.413921,6.8349786
12.681201,10.671315,12.149543,11.9335165,10.900338,6.2870884
11.608812,10.632111,11.176172,11.526246,11.395252,7.7226973
11.954281,11.584879,7.6138725,11.550793,11.502436,6.713786
11.893412,10.721738,10.126963,10.238707,10.340699,7.725028
11.113148,11.700227,10.048018,10.136351,10.173796,4.548044
11.825783,11.11941,11.926095,12.883167,12.845564,7.7553368
11.740502,11.563572,10.037195,11.900375,12.085307,6.3513227
11.248986,10.442991,10.24076,9.429131,7.9507213,7.5935225
12.113118,11.821344,11.554807,11.545406,11.643537,7.3888874
11.467425,11.979426,11.344179,10.823033,10.73601,4.6261106
11.743677,11.840979,10.760036,10.551307,9.94557,3.761927
10.92204,11.524983,11.089382,11.202209,10.588126,5.5486355
9.955927,11.97196,9.921842,11.970474,12.17272,5.8692746
10.861017,11.184194,10.387611,10.587558,9.750354,8.530277
10.507353,10.573432,10.389725,10.444155,10.820781,5.894378
10.946316,11.410192,9.153259,10.613178,9.655801,5.554047
10.940397,11.803641,10.1697235,11.282541,11.441099,6.5477715
10.912259,11.632815,10.237453,11.817706,11.721064,8.052452
12.02481,11.598056,10.753935,9.996452,7.8375473,5.617605
11.370239,11.19009,11.716382,10.304312,10.110209,5.896468
9.718958,10.407437,9.731055,9.019678,9.862494,5.4772263
10.887285,10.875373,10.258139,12.47967,12.300281,4.08325
9.566949,10.216705,10.579327,10.4727745,10.551503,6.0336027
11.441014,11.164646,11.780301,11.1546545,11.303984,5.231746
10.587002,10.879312,8.819733,11.844851,11.36805,5.9985757
11.636152,10.599039,10.8709955,9.2500515,9.316176,7.582333
10.807464,10.447977,11.034833,10.82202,10.735173,7.477695
11.137815,11.521389,11.4392185,10.5729265,10.010073,7.543905
11.795244,11.406,12.060123,11.435752,11.1153345,5.825613
10.86839,11.215471,9.090876,11.652205,11.890771,7.729762
11.60651,12.366568,10.500047,12.14025,11.39377,6.920705
11.386925,9.497555,10.898691,10.774333,9.931005,2.3536966
10.414851,11.190737,11.492821,11.023533,11.2807865,6.465592
10.058254,10.413036,9.786588,9.682776,8.832264,7.996854
10.434088,10.29976,11.426662,11.024502,10.723337,6.345642
10.318286,10.354418,10.768408,9.891764,9.935347,6.947077
11.022892,11.130507,10.648604,10.61611,11.166279,6.763626
11.168744,10.731461,9.665736,10.221703,8.231528,3.6294699
9.870938,11.169723,11.330429,10.96881,11.021547,7.130353
10.824681,11.225593,11.47005,10.026384,10.743812,6.786135
12.5576,11.267903,9.878951,11.776228,11.978594,6.1738844
12.423258,11.664345,12.063661,10.943191,9.518215,3.2296777
12.104757,10.812493,11.793794,11.051291,10.574087,7.777654
11.522396,11.104208,11.015377,11.446081,11.573307,7.1844068
12.238171,12.037744,11.115421,11.113711,8.334116,7.384482
10.645235,10.339409,10.662084,11.102177,9.505096,6.378708
10.067216,11.588335,10.879086,11.047222,10.788412,4.548204
9.330168,10.316609,8.6952915,11.337539,11.615961,6.052872
11.992148,11.376417,11.919542,11.610041,11.012715,7.128281
10.403486,10.167513,10.772716,10.437822,10.298944,8.251858
9.832898,11.000967,10.849497,10.45628,10.212654,4.1808047
12.249425,10.166063,11.835144,10.684827,10.19471,7.258307
11.748489,10.981995,11.633504,11.762469,11.679302,7.117786
10.978356,10.233058,11.510854,11.531401,10.899728,8.01689
10.171164,10.121937,9.835864,10.246055,10.231116,7.4117107
10.071043,9.278608,10.355549,10.739084,10.76549,7.9023013
10.463623,10.318976,9.824184,10.064328,7.8911285,6.510612
11.056052,10.767393,9.408214,10.441453,10.549616,7.48674
9.828615,11.175135,8.7230015,9.940286,10.008944,6.4637723
11.578992,9.499356,9.540102,10.60507,10.6408825,8.248955
10.326981,9.452777,10.2029295,9.346211,9.532847,5.0762587
10.575321,10.991072,11.455869,10.841015,10.27093,7.2332315
11.849406,11.020812,11.3649845,9.904031,9.834899,4.9198885
9.877914,11.106525,10.241246,10.776766,9.831989,6.1965284
9.003086,11.037684,10.293789,11.05212,10.859182,6.722067
11.412059,10.404499,10.988871,11.630877,11.625087,6.979687
11.383129,10.377658,11.477083,10.987918,10.658307,6.510073
12.651683,11.596155,11.200446,10.966785,10.222269,6.238391
11.026186,10.237753,7.8497458,8.034281,7.8510537,2.880479
11.143797,11.529516,7.825991,10.211616,10.184652,5.3929577
10.418049,11.437681,11.935903,10.77562,9.444555,5.6779633
11.185862,12.216929,11.704875,11.850304,12.167524,7.823588
12.996022,12.53346,10.601155,10.915073,10.678204,7.576673
9.736759,10.980434,9.71065,10.179674,10.64216,2.7826662
10.355109,11.3253765,9.698205,9.169283,9.725045,7.504801
9.684414,10.715389,9.233656,10.056732,10.57136,3.8770027
10.811173,10.739093,10.6210985,11.500432,11.411292,4.1922092
10.445928,10.128171,10.658939,8.560949,8.208627,6.910966
10.726811,11.077796,12.616628,9.635528,9.281702,7.1808705
11.472649,11.485561,10.510326,9.388962,7.7648544,5.580671
10.526227,10.135149,9.902124,10.859546,10.761183,7.624792
11.037562,11.755106,9.488726,10.339866,10.232011,7.31017
10.408202,10.652711,10.796782,11.530306,11.58431,7.62666
10.615175,9.267866,9.877844,11.031114,11.0053005,7.8255057
10.850364,10.78633,11.232789,9.373336,9.642269,7.3089323
10.511347,11.710737,10.842539,11.614772,11.010632,7.9313316
9.014715,11.517796,10.087624,10.8987875,10.68799,7.178008
12.049998,11.747498,10.896348,12.215429,12.043953,6.902631
11.539475,9.727115,11.369335,11.113783,10.626025,7.5396976
10.671887,10.070551,10.844205,10.224536,9.937987,6.0894585
10.839767,10.703029,10.535902,9.895737,9.693616,6.1081896
11.190219,9.997416,10.856215,10.748127,10.56557,7.21287
10.799235,10.642048,11.075085,11.387479,11.446529,5.299938
11.2627735,10.270884,10.452244,10.823927,8.79824,5.779739
10.353928,10.116083,11.381257,10.116127,9.431052,6.3432403
10.50155,10.883171,11.183393,11.638328,11.435933,6.757676
10.797878,10.582766,9.538638,10.300847,9.905693,6.309708
10.127213,10.6833,9.256447,11.635981,11.057734,6.2163267
11.830151,11.119539,10.376939,10.827882,10.742509,6.8383036
10.134113,11.241772,10.779774,10.565567,10.410458,6.5211363
13.122793,11.347875,11.75423,12.699927,12.081141,6.0794835
10.614936,11.266797,10.472857,10.550119,10.032403,6.6630163
9.868691,10.0789995,9.306326,10.953454,10.330884,5.1301546
10.985825,10.223246,11.562804,11.889475,11.882865,7.9844995
10.42978,10.114721,11.544525,9.710883,9.132236,7.1192245
10.0827265,10.53049,10.535492,11.267946,11.246118,7.212698
11.699402,10.014267,10.59883,11.826725,10.998717,7.2661285
11.29554,9.726188,10.346584,11.964802,11.932272,5.7888923
11.671414,11.828299,10.849672,12.301773,12.557606,3.93178
10.764365,10.520932,10.441236,10.312675,9.375189,6.715793
11.517292,10.472193,10.367378,11.53676,11.734087,4.715146
9.460905,9.331868,10.077801,10.06877,10.296757,7.1388636
11.673058,10.564953,10.50825,10.567935,9.955185,4.594231
11.623443,10.195919,11.290605,10.605897,9.993308,6.486784
9.850284,10.680062,10.191061,11.06981,11.343045,7.111905
11.336671,10.508974,9.029931,9.777216,8.600643,4.5419483
9.318979,8.90678,10.834042,11.179899,10.814881,4.971821
9.497111,10.82779,10.702853,10.440639,9.384582,7.044019
12.501293,11.1892605,11.165478,12.120867,12.143992,5.804191
13.381875,11.50894,9.192806,12.037578,12.074772,5.8125963
10.08722,9.08224,9.77903,9.582513,10.114433,6.283166
7.8547087,11.612359,9.331753,12.237138,12.273375,8.268257
11.167408,11.012039,10.061965,10.889339,10.909764,6.683886
12.180909,11.300835,12.864082,11.581639,11.514766,7.1665716
12.621391,11.620745,11.371566,12.363756,12.185227,2.8391378
9.772874,10.462234,10.479783,10.329606,10.093129,5.671795
10.285604,10.627218,9.5007515,9.434224,8.871677,7.6562233
11.599397,11.232031,10.585972,10.353154,9.911172,7.8281813
11.61146,12.062261,11.431481,9.942019,8.58894,8.171845
11.18281,11.002384,11.234074,11.289701,11.244576,6.4096823
12.755597,12.171275,11.60441,11.718857,11.725998,3.7463932
10.131062,12.290411,11.046552,10.540616,10.3387,6.447617
9.660421,11.647225,10.50596,10.628988,9.845649,4.3472624
10.8490305,11.081099,8.406323,10.610574,11.043713,7.1182327
10.645596,10.308051,7.9302793,9.871378,9.818616,7.173301
11.804504,11.511942,11.068821,11.219929,10.657633,6.6244025
10.973949,10.597828,9.428397,10.358274,10.0069275,3.3029
12.351843,9.948936,11.108481,11.140545,10.648911,1.5276922
11.142677,9.095981,11.16825,11.065024,9.797591,7.996607
10.350656,9.846912,10.3573,10.065656,9.96583,5.264751
8.216632,10.651973,11.017796,9.653315,9.898905,6.3161592
10.696201,9.746351,10.862158,10.845308,11.199582,8.486635
9.752216,10.0635195,10.580008,10.493509,10.451032,7.4108524
11.075754,11.477548,10.834188,11.822745,11.479974,8.190468
11.725475,10.606922,8.284504,10.220129,9.9386425,8.591276
11.464169,11.178711,9.012948,11.433631,10.332874,7.403658
10.54289,11.981739,9.280424,11.865003,11.947243,3.1404042
11.187181,10.845583,10.569533,10.702283,10.377548,7.7117605
11.326288,9.404572,8.1912565,10.241407,10.459421,6.564734
10.57445,11.730336,11.252101,11.994808,11.982845,6.998294
9.572967,11.254539,10.550056,10.377088,10.294147,6.0448856
10.217079,10.213471,11.863115,11.384114,10.946151,6.691827
12.172442,11.08834,10.869728,10.739529,10.870909,7.288346
10.3805895,10.458521,9.845364,9.563941,9.541455,7.7659397
11.353375,9.281944,10.739828,12.025898,12.074861,5.6408596
11.519607,12.317369,10.512666,11.036039,11.053257,8.646636
11.155592,10.222927,7.599771,7.215794,7.214715,6.456997
10.829248,10.661495,9.9678135,10.421537,10.332777,6.8436337
12.116419,8.831703,11.1701765,10.271604,10.49116,8.096981
11.539256,11.06543,11.033436,11.494459,11.383739,5.5609803
11.640399,9.251076,10.410847,10.619093,10.081348,7.4832277
11.201476,10.50589,7.9919796,11.194956,9.699059,6.8781786
12.099345,12.2872,10.066143,11.010519,11.352287,5.6363306
10.283493,10.080535,10.868415,11.051184,10.877312,7.5755544
11.891599,11.254636,11.155053,10.903729,10.548373,7.431072
9.182926,10.568138,10.320736,10.214662,8.89881,6.287553
9.986213,10.650372,7.543726,11.216031,11.812717,7.70251
13.039593,11.561424,12.379992,11.777148,12.003775,6.286788
11.243029,10.530808,8.644152,10.93743,9.968273,8.577104
11.60731,10.590772,10.801728,12.268306,11.45703,6.887051
10.210147,10.878553,9.908399,10.4682455,10.622833,7.68617
10.135632,11.358963,10.484249,11.283206,11.469909,4.2141156
12.216945,11.848744,11.0082245,10.52355,10.923009,7.5939207
12.226259,12.205542,9.173393,12.184091,9.993277,8.717395
10.85129,9.706471,10.848232,10.57012,10.447065,6.353689
10.392904,11.240133,10.807692,9.631934,6.23304,5.4576855
11.11146,9.193243,10.347533,10.550109,11.301528,7.8921456
12.05232,11.24365,10.694102,9.45007,9.113555,7.6004777
8.44189,9.556242,9.726937,9.6904955,9.663086,7.195448
10.942984,10.644305,9.779932,10.855114,10.463828,6.7511444
10.447154,10.469521,10.514225,8.331888,8.8119755,8.026493
11.029006,9.2281685,10.675278,10.838117,10.864529,8.19549
10.451936,9.389611,8.6348915,10.516082,10.306258,4.892669
9.92235,10.492925,11.796729,11.453323,11.432168,7.2024994
11.684253,11.408621,11.866047,10.79788,10.7097435,5.74696
9.189152,9.847767,10.248275,10.614883,10.699387,5.839859
12.669479,11.839473,10.745689,11.737076,11.792972,7.4416127
9.898057,10.279249,10.865639,10.063038,10.178027,6.92096
11.686454,11.620922,9.599413,10.775037,8.821585,5.62979
10.748614,9.2161,10.359619,10.7949095,10.758847,4.481575
10.888691,10.417188,10.558155,11.058479,11.083761,6.213961
10.612074,11.088076,11.4383955,11.447925,11.284706,4.5031633
11.453527,11.395022,12.237106,11.26824,11.657074,7.48204
10.426051,9.083244,9.907855,9.738593,8.539017,7.5334473
11.520355,11.184277,10.287255,10.98641,11.05139,7.9255543
11.899261,11.137775,9.802831,11.103069,10.120895,7.198001
11.443324,9.722953,11.370255,10.906388,9.803386,5.524229
10.824764,11.988736,8.252463,11.583664,11.204659,3.4869108
11.486792,10.22359,10.188331,9.788954,7.6285453,6.8341503
8.907158,11.748886,10.256344,9.841156,8.405682,6.56839
11.629467,10.516498,10.321338,10.1612,9.516653,3.4428277
10.497652,10.722654,10.256531,10.199513,10.760533,6.9034214
11.169695,11.38767,10.745324,11.090327,11.158674,6.626052
11.945399,10.718397,9.745572,10.625132,10.875364,8.04609
11.547009,11.634801,10.8033,9.327013,8.413819,7.0022974
9.862051,9.874819,10.749563,11.469223,9.928525,5.936542
8.957654,10.444747,9.649072,10.602491,10.261962,5.0941854
10.515996,11.243923,10.72505,11.334947,10.587119,7.585953
9.779056,10.471816,10.8472185,10.830471,10.846422,7.4038734
10.221686,9.235825,9.284796,9.864012,9.957724,7.1390047
11.322379,11.02369,9.739731,11.465263,11.442958,8.718991
12.310016,10.805034,11.159636,11.339251,11.273722,7.6130533
10.789969,11.3240795,8.973914,9.818014,9.429516,8.471202
10.030169,10.056593,11.517829,10.291731,10.41391,5.1372433
11.647804,10.812267,11.616227,11.2835865,11.069158,6.7490816
11.502022,11.990743,11.760761,11.015568,10.195522,7.24463
11.668757,9.844737,10.662136,10.478045,10.224396,6.0928645
11.527816,9.654221,10.908043,8.304467,7.5708666,8.331735
10.190207,11.095424,9.791891,11.0313835,11.160679,2.8788853
11.909732,11.083408,8.846088,12.672275,12.590603,7.0088143
9.564926,9.694841,11.3124695,11.833418,10.890212,6.5822244
11.22744,11.491568,10.850215,11.762393,11.686106,7.0581217
10.276377,10.187044,10.031523,10.707799,11.124218,6.8434963
12.464655,11.32412,10.8712015,12.170914,12.271617,6.405555
10.718601,10.599477,10.123172,11.224794,8.764103,5.5832415
9.795296,11.7378235,10.416731,11.512982,11.141307,7.1861343
12.661585,12.468492,10.583852,10.758111,10.029102,6.3466105
12.150797,10.770355,10.447458,10.202818,9.941468,6.023049
10.167236,10.193541,10.46266,10.324914,9.347079,5.6149883
10.820434,9.617462,9.871405,10.159295,9.487791,8.025398
10.769002,9.14444,10.243723,10.803813,9.970518,8.268467
11.524534,11.041203,11.528034,11.243011,11.254124,7.860567
11.223186,9.909782,9.87808,10.308723,10.517986,6.8023057
11.110705,10.637007,9.431827,11.0627365,10.772062,7.363151
10.801469,11.839463,11.597721,9.335605,10.021791,6.13101
11.388528,9.9000025,10.311661,10.827023,10.049874,4.311442
12.213574,12.37425,10.817145,11.356705,10.999783,6.008672
9.164596,10.431538,8.781728,10.509552,9.031362,6.490608
7.7099423,9.924451,11.932677,11.493861,10.9522505,7.848302
10.192868,9.876777,8.680716,11.112931,11.280181,6.3706923
10.871063,11.791039,11.028827,10.094538,9.946102,6.308329
10.529428,10.930755,11.452316,11.634258,11.183586,7.134324
11.601407,10.809114,10.993965,11.185185,11.323893,7.7961273
10.336922,10.947785,11.113995,10.568207,9.900157,7.590562
11.155285,9.863553,11.323545,10.949182,10.262019,6.743292
11.149758,11.3354,10.749599,9.860591,8.770005,4.390123
10.204942,10.884137,10.920312,10.933168,10.687964,3.3966203
10.5361595,9.810088,8.034279,11.353659,9.79941,5.9596
11.982558,9.918216,10.055401,11.562487,11.090442,8.198228
12.391067,11.611693,12.236744,11.331701,10.755299,8.318968
11.978098,11.197028,10.150223,10.96887,10.838686,7.1635613
11.577303,10.651108,11.213593,9.929369,9.852945,6.453869
11.598548,11.968825,10.244543,12.09505,10.595085,7.8830957
10.951346,8.279312,10.853493,9.708752,9.703516,7.9006147
11.944469,10.643088,10.668437,9.680274,9.693335,8.1202545
11.559269,10.77474,10.558182,10.771393,10.628511,7.2299247
11.130977,10.553549,9.7964325,10.813267,10.510681,7.393059
11.297952,10.622207,8.824167,10.346346,9.395524,5.1269283
11.611649,10.820927,10.7992325,10.258575,10.378315,7.1066713
10.4526825,9.972957,10.213671,10.676804,10.321973,7.1910906
10.535621,10.192968,9.031627,10.285083,10.310162,7.070428
9.742256,10.965136,10.698427,10.578472,10.558452,6.5308094
11.089517,11.819441,9.364585,9.359635,6.8095894,5.910211
11.709057,10.706781,11.687411,10.192951,10.584276,6.7168045
10.133749,9.158304,9.76093,10.175079,10.117717,8.012333
12.248042,10.484002,10.560978,10.815687,11.077221,7.0060716
10.872284,9.394095,10.748889,11.729093,11.375031,6.973617
11.5089,9.935545,10.855021,10.099215,7.6204796,7.279961
10.020608,10.281554,10.730092,9.934676,9.991236,5.7772813
11.445206,10.722799,12.08732,11.555544,11.493054,7.260992
11.428205,11.01639,11.032028,11.788984,11.809657,1.9332157
11.243626,10.808691,9.119852,10.845199,10.507965,6.8976555
11.998424,11.594794,9.298887,9.971794,9.873319,5.839782
9.435714,10.254312,10.540974,10.098791,10.350358,8.3352995
12.3307,11.909199,10.379137,11.688116,11.662075,7.499437
11.067216,11.538675,11.8242235,11.002565,11.380491,7.2217426
11.591831,10.735781,11.233099,9.307563,9.454095,6.3098755
10.712519,11.404057,10.056908,11.546597,11.848877,5.46117
10.97163,10.492324,10.8851385,10.890857,10.723081,6.6947727
11.688701,10.27103,10.16326,11.226166,11.250613,7.712419
11.351204,9.025646,11.178075,11.3789015,10.0486965,7.0430155
8.55647,9.249895,10.620676,10.51414,10.1236105,4.3187313
10.717046,10.96241,10.647464,10.55021,10.623841,7.0133915
10.536256,11.144798,10.701905,9.578335,9.58609,8.027551
11.933546,10.922214,11.162687,10.13782,10.752088,2.625055
9.769432,10.159788,9.18578,9.674205,9.629269,7.116858
9.286985,10.714987,10.317897,10.857185,10.766304,7.2302437
12.132662,11.317783,11.712577,10.744829,8.6151705,8.0243225
10.445864,10.510227,10.432659,10.765587,10.262327,3.6750393
11.053286,9.684329,11.667927,10.610433,10.019817,2.407698
12.243487,11.862496,11.341064,10.4225855,10.179868,6.3301144
11.513968,9.26483,10.320161,11.454664,11.357583,6.993328
11.345518,11.287111,9.27651,10.7879505,10.44968,6.9351115
9.179053,11.873043,11.764445,10.890958,9.573573,4.498953
11.715313,10.040022,10.849338,10.289316,10.555911,6.1566777
11.841355,10.63303,11.154364,11.665169,11.728796,6.4882946
10.852611,11.314486,10.732107,10.191872,10.300539,4.1307974
11.425016,11.107508,10.851901,11.115599,11.244478,5.5565834
11.18279,12.405077,11.944392,11.640538,11.538598,8.145758
11.967468,10.170068,11.725481,10.578928,9.740215,8.298014
10.694278,11.408419,10.938143,9.8482065,9.110641,5.5308385
10.93214,9.981312,10.938172,10.094431,10.117542,7.980282
11.137656,9.579374,9.968252,11.752029,11.169657,5.4206586
11.731716,10.350747,11.352638,11.339081,10.445005,6.107413
11.341424,11.412884,12.229153,12.159643,12.282438,6.525834
11.869279,11.71804,10.890392,10.561956,10.420724,7.556721
10.628966,10.3418455,11.011373,9.738688,9.879962,7.101198
11.110137,10.378107,10.281027,11.373495,10.987389,6.782113
11.401989,11.700573,11.882049,10.326525,8.662962,6.1800013
11.098944,11.197906,11.166137,11.325055,11.767424,5.819827
12.625689,11.194119,11.620516,11.622517,11.5767355,7.30459
11.210153,11.694063,11.381538,11.495437,11.485346,3.7630627
11.827954,10.886164,12.014754,11.661288,11.321208,5.739477
10.136553,9.988798,10.100176,9.234493,8.770716,4.622699
10.774258,11.006618,10.668783,10.373667,10.894773,3.173534
12.124085,10.180109,10.811816,11.431982,10.577008,3.6528819
9.989277,12.185846,10.760268,11.75397,11.929907,6.419366
11.301169,11.3972,10.118716,10.689279,7.8671474,7.637572
10.628174,10.595132,9.856744,10.769113,10.97799,5.550864
12.499859,11.450371,10.062387,11.791272,11.839817,6.842831
10.86722,9.374179,11.644234,11.094431,11.110488,6.910722
10.843043,11.850323,10.477903,11.785373,11.629753,8.492605
11.998387,11.849086,11.676958,11.334012,11.356887,7.373234
11.340727,11.23936,9.817151,10.462697,10.301426,6.3941374
11.066344,9.393746,9.289924,10.5191345,10.403973,7.974136
10.590045,11.280763,10.624508,10.431253,9.784792,7.3721776
10.773651,10.634372,9.251796,11.66098,11.315414,6.823319
10.459795,9.595565,9.279293,10.307425,10.015128,6.0694833
11.010164,10.29953,9.071916,10.658731,10.521498,3.6275713
12.11025,10.594951,10.667609,12.515464,12.75784,5.258642
9.617951,10.017541,7.656589,10.084503,8.478624,6.2353387
10.30106,10.594305,10.761042,10.973334,8.677701,6.5376706
11.413202,7.8588986,9.620867,10.538829,9.875755,6.340523
10.487536,11.906836,10.275594,10.152997,10.070631,6.084942
9.6693945,9.963448,10.188554,9.963823,10.210563,6.377155
11.463929,11.229934,10.890233,10.11739,10.286416,7.712345
12.340674,11.425129,10.944604,11.067934,11.059863,8.469781
12.250819,12.030715,10.075834,11.392224,11.651793,6.952462
11.03448,10.966659,11.039833,11.257928,11.148029,6.3092403
11.397556,10.484198,10.341373,11.429884,11.548689,3.7320979
11.065283,10.575972,10.689437,10.859824,11.394578,6.22639
12.183458,10.098504,10.235489,10.9239435,10.8356285,7.592589
11.476009,11.738328,10.445008,11.870648,12.044571,7.7689304
11.416701,11.067579,11.262531,10.22323,10.641613,7.6081486
12.82377,12.422489,10.629121,12.303553,12.169693,5.5820312
12.231656,10.96599,10.512718,10.666081,10.03065,5.2616444
8.917337,10.04874,9.882729,11.085739,11.10235,7.964939
10.836548,12.549502,11.180768,10.485282,10.187028,5.0980964
9.92717,10.789063,9.049094,9.270537,8.349459,7.4244637
11.781968,11.620732,10.599851,10.622807,10.658122,7.536572
11.39406,11.457911,11.360711,11.748989,11.847144,7.458364
11.813764,9.51335,10.121403,10.769388,10.668892,7.634987
10.8382635,10.855821,10.02603,10.668148,10.973167,6.275495
9.968837,13.277003,12.858524,12.529,11.388983,5.5860662
11.26409,10.484951,11.91481,12.1784935,12.163799,4.175202
11.231773,10.207278,12.034059,12.017828,11.354081,5.026779
10.419562,9.317474,9.887586,11.242373,11.083698,4.162224
10.842537,10.071892,9.014535,10.83309,10.896176,8.675421
12.088492,11.846621,10.775637,10.580385,10.350812,8.427268
11.301035,10.505407,10.997014,11.484817,11.714972,8.771439
10.975986,10.291846,11.607764,10.676814,11.072208,8.085059
10.775402,11.065873,10.633151,9.890507,10.039619,3.6665113
11.733797,9.635952,11.562672,10.889369,10.624517,7.7767124
10.764572,9.17626,9.816752,11.594241,11.346592,7.739323
11.374758,10.36892,10.786717,11.2026,10.583999,5.0072765
11.335634,11.689782,9.431797,11.210709,10.590917,8.043585
10.062501,11.416975,10.696502,9.792371,10.037019,7.508819
11.670796,9.396413,11.305324,10.594295,10.58423,7.700839
10.920172,11.18825,10.342512,10.870863,10.737798,7.4656324
10.490058,9.526327,11.681369,10.290725,9.69524,5.769867
10.847194,10.325351,7.785465,10.2522955,10.245791,8.298172
10.838825,9.552773,10.554142,10.039633,9.875327,8.145226
11.304437,9.09879,10.301412,7.5813766,6.982431,7.5850677
11.27769,10.678323,11.993775,11.127074,11.22457,7.4939146
8.439312,12.262197,12.070961,9.050997,7.316997,6.8876343
10.774636,10.356285,8.114463,11.568743,10.112661,7.5666866
10.850708,9.987076,8.929424,9.95879,9.941093,7.879313
10.772801,10.816829,10.682699,10.567544,9.970121,7.6911407
12.287416,11.484091,11.120348,11.425218,10.511263,5.0161424
11.595693,11.189568,10.002912,11.073684,10.573332,3.886695
10.776075,11.199226,10.989136,11.116444,10.469069,7.409154
12.608496,12.375327,12.950576,12.017449,12.0208645,7.8611298
10.39658,11.432934,10.033001,9.491277,9.684153,7.0530167
10.90522,10.971292,10.926142,11.441638,10.563376,7.4817643
11.546519,11.557341,7.796481,11.880426,11.7354355,8.517516
9.188374,7.5961065,9.509156,10.461861,10.348704,5.6648893
11.584589,11.909419,10.215124,10.873162,10.611346,8.127434
10.472677,11.963255,10.27784,11.010434,10.39021,8.160661
11.971012,10.505989,10.176325,11.877365,11.710337,7.343885
8.681373,9.491792,10.627266,10.699435,9.956275,7.393322
10.451534,9.719325,10.580689,11.271343,11.488903,7.603267
11.4752865,10.730543,11.100792,11.911209,12.27846,5.7458324
9.8612995,10.834555,11.5038185,12.412616,11.863622,5.828971
9.873316,10.576206,10.017375,10.2086735,10.688823,7.425206
11.20042,11.255066,9.463566,11.228724,10.655622,7.77929
11.832005,10.764502,8.47035,10.976877,10.406932,8.559656
10.066122,9.939387,9.942848,9.680882,9.789377,4.7870054
10.930709,10.794545,9.9611225,9.24862,9.481395,7.3585362
11.586252,11.012924,12.359524,11.894177,12.122722,3.2277992
10.798948,11.566935,11.755584,11.710182,12.094448,7.428602
11.35732,10.893773,11.161949,10.644252,10.055309,4.7534666
12.057629,10.787633,11.845686,10.48044,10.71697,7.4892263
9.717319,10.826481,9.302786,10.609224,10.691944,7.8053412
11.850031,12.389103,11.993502,10.425366,10.557938,7.4523654
11.228394,10.643912,11.002298,9.853055,9.853098,7.4898105
11.374972,12.4861,11.921218,11.218536,11.670001,7.8809347
9.686867,10.513356,11.265337,11.106526,11.16024,7.4798255
12.122234,11.876701,11.910179,12.579912,12.38471,6.2373676
12.04415,10.402458,12.113308,11.859204,12.099656,7.416584
10.466752,11.03201,11.864056,9.887555,9.350328,5.861967
11.67839,10.462644,10.335959,10.812534,10.711547,3.7424254
12.153737,11.14601,12.377161,11.177495,10.255519,7.2686305
12.335419,12.33753,10.753601,10.540943,10.485331,6.4063087
11.78609,11.538176,12.175411,9.644453,10.0080385,7.975911
11.299818,9.69241,9.51481,10.868283,10.828359,8.516399
11.675246,11.394635,10.515968,7.319432,7.7592106,5.8254356
9.62772,11.296537,10.454745,9.312083,9.321958,5.886926
11.515064,11.211831,9.642605,9.660491,9.189027,7.4953094
11.737017,11.118785,10.530933,10.445571,10.351353,3.3110814
11.835164,11.859114,11.345236,10.308937,10.270727,7.4006124
11.858269,11.027553,11.396603,11.232368,9.083065,6.7271786
11.404558,10.029812,9.041351,11.113051,10.126813,7.4793935
11.70647,11.257635,10.257495,11.257938,10.934481,6.227781
11.325195,10.963058,11.459217,11.108182,9.897237,7.6521444
11.495079,9.477733,10.88402,9.883707,10.062167,7.0438137
11.388007,10.085932,11.058136,10.780873,10.902069,5.885233
10.614834,11.156323,8.016483,11.040368,11.29296,5.112161
12.200952,9.796165,11.610287,11.358415,11.366828,5.496483
9.96736,9.486412,10.1790495,9.658304,8.351297,7.424192
11.387032,10.329069,11.26414,10.871187,11.017743,7.066705
11.91446,10.305806,9.348729,11.177128,11.006489,8.791841
10.467819,9.020896,8.932422,9.006608,8.774704,8.26608
10.833731,11.44246,10.935461,11.693836,11.3434105,5.528507
11.708285,12.092216,12.540224,11.201595,11.417548,6.6369333
11.896807,9.650713,9.119177,11.343272,11.13125,7.3694215
11.099838,10.131202,9.944515,10.33843,10.2231045,7.6875334
9.896732,10.458532,10.11108,10.298319,10.2315855,6.7104707
12.345156,10.932186,10.015766,11.199894,11.294628,6.440608
9.462868,10.059189,8.960258,10.633451,10.931983,5.979172
11.398324,11.818875,12.1490555,11.4706545,11.415813,7.299312
11.163847,10.772816,10.246664,10.093332,10.318674,6.655808
11.764927,10.377286,8.1409645,9.276368,8.326399,7.80046
10.115005,11.326795,11.918355,11.0882015,10.804389,6.864177
11.243008,10.540315,10.706657,11.0587635,10.449739,3.1619315
11.256237,10.749217,9.885286,9.439672,9.31405,5.958782
11.346422,10.321693,10.917679,10.936319,10.8192005,6.6649904
11.174231,10.939988,10.470907,11.320708,11.599353,5.587002
11.243301,10.797271,9.886645,10.676924,9.747381,7.3173127
12.319152,11.558841,11.956995,11.851673,11.885525,8.142148
10.409897,11.095648,9.342141,10.31771,10.128252,6.1031065
11.391661,10.737362,11.1052475,10.6281185,11.002376,4.2003484
11.365197,10.49353,12.359397,10.66012,9.0152445,7.3691607
11.055243,11.372442,10.981705,11.341555,11.632561,6.5121784
11.889569,10.3812065,7.880778,10.0538645,7.982649,7.1198683
11.015614,10.0826025,10.784763,11.400168,11.438116,8.581617
10.990648,9.975987,8.956113,10.776633,10.847576,2.5752738
10.473998,10.598725,11.36361,11.249808,10.360761,6.9527807
10.338343,12.734956,11.4138,10.891724,8.921734,7.5842166
12.2684,11.423765,11.545416,11.592601,11.086067,5.785778
10.647061,9.000227,7.5082383,10.830571,10.878408,7.231798
10.934361,11.664902,7.1884236,10.77185,9.611183,4.235283
11.273066,11.923979,10.656116,11.277448,11.333298,5.6605487
11.589405,10.365334,9.816552,12.080338,11.691877,5.9610624
11.39212,10.997159,10.782327,10.500023,9.911503,8.817492
12.662329,12.075581,10.900036,11.027888,9.65209,8.388932
11.024487,10.087892,10.4024935,10.8805895,10.7953205,7.92963
12.030378,10.400215,11.301771,10.635252,10.802293,5.9362183
12.556385,11.423691,11.513977,11.141513,11.164546,8.214527
12.023132,10.981223,10.309068,12.023374,11.571099,5.0578394
10.095264,11.06122,10.115268,10.028203,10.215258,3.9117675
11.115766,9.961761,9.485594,10.540422,10.415679,6.09631
10.936786,11.753556,11.0481205,11.182501,11.23281,7.469932
11.511942,12.149054,11.61302,11.054153,11.139948,7.1518164
11.949252,11.158945,9.6486025,11.367805,10.370926,7.9833884
10.448077,11.213391,11.239129,10.576246,10.198845,4.745238
11.32932,10.355599,9.92246,9.404846,9.444564,7.5604396
10.521546,8.713978,7.166063,11.034671,9.74934,7.382744
11.365557,12.066884,10.319424,11.440239,11.426104,7.8337727
10.928466,10.0879965,10.616782,10.106507,10.366848,6.4725556
12.416377,11.006366,11.447752,10.182232,9.265577,6.7325172
11.586689,11.975952,9.147795,11.364511,11.379989,7.613722
11.024562,10.234479,11.003059,11.648373,10.929235,6.6770377
11.1228485,9.252973,10.962762,11.614356,11.569071,6.379865
10.967141,11.314844,10.596251,11.353626,11.250627,8.62047
11.865403,11.333351,11.187597,10.702402,10.662266,8.411985
10.210762,10.572654,11.050074,10.634682,9.032224,7.2756166
11.795608,10.869118,10.880182,11.709782,11.839311,6.6769643
11.982148,12.024918,10.120984,10.376251,10.524776,4.3601675
11.344854,10.031595,10.660809,10.881117,10.843699,7.429937
10.7170315,11.064623,10.654629,11.136813,11.716977,4.752764
11.543207,10.576237,10.281004,10.73917,10.049404,8.032113
11.15667,10.733921,11.0863905,9.327362,9.002805,6.6550636
11.676714,10.641842,12.030817,11.807616,11.949637,6.3022842
10.688649,10.57257,9.923117,10.454436,10.43899,7.4931984
11.507364,10.092842,9.799845,11.4850025,11.428473,3.7733533
10.260265,9.003177,9.877691,10.135536,10.157871,5.4591374
10.770157,8.781501,10.535652,9.980406,9.977961,7.0185356
10.027844,11.301588,9.659526,11.385639,10.558443,7.5799136
11.487329,11.184889,10.083633,10.595713,10.782686,7.43443
11.366926,11.7824955,11.220857,12.431412,12.505846,8.316445
12.34911,12.069226,11.753261,10.776606,10.664133,7.232331
10.391503,10.769602,9.22171,9.748366,9.6435,7.151785
12.182205,11.556084,11.498903,11.281041,11.504932,6.4634266
10.36502,10.166135,10.239778,10.872263,9.735748,1.9381294
8.596556,10.231237,9.757135,10.51711,10.249408,7.5389934
10.990833,10.274143,10.110902,9.461819,10.177518,5.849825
9.649636,10.093597,10.760352,9.039018,9.016349,6.9598274
9.796526,10.549536,10.470677,10.93551,10.873446,7.59674
10.792815,11.410747,9.687016,11.39961,11.146292,6.9705915
10.038306,10.716031,9.815378,10.531853,10.756403,6.617748
11.638071,11.475626,10.810037,12.083155,11.879732,7.4692926
10.507729,10.495991,11.212129,10.972604,10.449789,5.5555067
11.419527,10.7704525,12.104003,10.969084,10.761384,4.805018
10.145726,11.160927,10.685917,10.977849,10.957679,7.484987
10.424139,9.814936,10.163062,11.002945,11.049196,7.887983
12.767959,12.415874,10.521433,11.1617985,11.223402,7.942714
11.083651,11.777401,10.561666,11.646238,10.027033,7.1754756
12.259839,11.335904,10.142489,12.484013,12.587865,5.9881735
11.423128,11.61988,11.595478,10.480271,10.291154,6.9393435
11.774347,10.0999565,11.862274,9.123104,8.403255,7.161258
11.595585,10.805138,10.51133,10.848554,10.549843,7.3315263
11.368894,10.065122,11.291293,10.867678,10.903097,5.881525
10.87104,9.8880825,9.805881,9.898319,9.957846,6.8592134
11.110025,8.969063,10.743118,10.365607,10.691385,7.1184554
10.86145,11.283438,11.801487,10.318558,9.477501,6.9834766
11.72906,9.985674,10.475391,10.779531,10.903691,7.0491853
10.63183,11.778806,8.321907,8.808824,7.595191,6.6707015
11.880499,11.123488,10.846048,11.778733,11.906167,6.578725
9.974112,9.439492,9.632148,9.701329,9.742992,3.9002151
12.062426,11.019127,10.919695,10.760052,10.639261,8.823241
11.003276,10.769689,11.160611,10.744573,10.258928,5.8433046
12.331903,11.210211,8.601343,11.176614,11.291219,5.300539
11.424239,11.367486,10.69091,9.723051,9.807618,6.1031985
11.315189,9.451582,10.773361,9.398132,9.4014635,7.329542
10.66549,11.003662,11.051078,11.067945,10.802802,5.8562317
11.58714,11.4387865,10.733687,12.770456,12.721171,6.528779
10.661609,11.038455,8.706388,11.761312,11.512872,8.23123
11.147999,10.626456,10.373027,10.793867,10.973436,6.665513
10.44237,10.282138,10.196498,11.033084,11.062465,6.4038405
10.332053,9.268154,10.862985,10.55662,10.770099,7.4111314
11.181701,11.4321995,9.598184,11.090725,11.058889,7.608182
10.771722,10.160402,10.163014,11.201705,9.327948,7.451144
11.731908,10.731734,8.542128,10.079726,10.353788,7.871705
9.633858,9.045114,10.339773,10.664414,10.180556,7.1394687
11.415521,10.614965,10.91436,10.071911,8.865215,2.9611244
10.505355,10.031176,10.342602,10.321111,10.414765,6.4833875
9.470008,10.878443,10.870195,10.130263,8.706237,7.8684564
9.054076,11.852626,12.006479,9.487184,6.893942,7.6496243
10.056801,10.071904,9.291139,11.666105,11.696172,6.551091
11.521371,9.31549,10.035421,10.592351,10.215461,5.9376473
10.579516,10.718234,9.906616,8.498565,6.330779,7.2258334
9.793931,11.853862,9.827886,10.910955,9.46394,3.3427212
10.897573,9.959703,10.303968,10.905693,10.796432,7.947516
11.455038,10.994698,10.664205,11.1332035,10.950553,7.435129
12.174179,11.119256,8.78265,10.270236,8.965538,7.855054
10.955072,9.732185,10.5641775,11.628687,10.8123045,6.060918
11.217512,11.304468,11.768032,11.941058,11.572073,8.40048
11.418669,11.2699375,10.1516695,11.701553,11.737817,6.2320905
12.024776,10.991493,9.630556,10.479301,10.290226,5.8198423
11.861298,11.102785,11.160734,11.795965,11.810436,7.4176455
12.19926,12.18777,10.984787,11.828862,9.935972,6.9873962
10.6788845,9.966626,10.080385,10.370935,10.184214,5.9443684
11.14008,8.496667,8.904681,10.389165,9.535378,6.8744397
10.466508,10.145318,9.8179,10.733269,10.366241,7.4304934
11.605406,10.6284685,12.106524,10.179521,10.218679,6.977349
10.805074,8.820865,10.632377,10.473933,10.567363,6.163055
11.184525,12.634058,12.281247,11.561387,11.511619,4.2016416
11.306226,11.807034,11.555039,10.904692,10.932905,4.7352295
10.739393,10.902766,9.098461,10.750892,10.904909,8.357527
9.627604,10.402199,11.961299,10.33077,9.577554,5.7773995
12.221532,12.129563,9.956375,12.516661,12.553116,6.3912888
10.418456,10.664602,11.20619,11.028339,11.095224,7.3742137
10.877577,10.960543,11.15065,10.549113,10.218853,7.9743195
10.950696,8.08686,10.38435,8.997435,9.083276,7.9362683
12.802763,9.258863,9.368144,10.48453,10.594505,7.450862
10.382923,11.19273,10.261884,10.249048,10.54481,6.0314083
10.568058,11.872829,11.929094,12.0551405,11.715904,6.22128
11.724126,11.333233,9.631173,9.875534,9.949552,6.9706726
12.81996,11.358469,10.885869,10.09171,10.110874,6.8550043
12.285955,11.727421,11.154448,11.419068,11.593772,2.29036
10.257434,10.639524,10.191681,10.979281,10.623025,6.9484625
10.737142,11.471358,10.918284,11.816971,11.91157,7.5903
11.692998,9.948478,11.478007,10.885483,11.254248,7.9843845
11.385199,10.397001,10.436262,11.791163,11.791187,8.41718
11.206945,9.710563,10.616144,10.619994,10.435482,5.9678707
12.299118,12.127322,9.058305,10.812544,10.947976,6.570628
11.19037,11.822487,11.287063,10.432547,9.260062,7.590152
11.650685,10.552644,10.4116125,9.493424,6.1775837,6.236067
10.832669,11.617276,10.17037,11.205945,11.218025,7.022501
10.602344,10.7660885,9.099047,10.637947,10.654506,7.6431255
12.308853,10.326086,10.579593,9.088289,8.063816,7.5811844
10.508745,9.662011,11.046415,10.949589,10.101995,8.373057
11.881282,11.025616,11.533507,9.625591,9.472244,6.637551
10.469301,10.956188,10.564429,10.271137,9.942359,5.384722
11.209303,8.778779,9.515025,11.334637,9.981197,5.769854
12.36174,11.275396,11.508581,9.4454155,7.087073,5.2209587
9.760032,11.676681,10.596881,11.048162,10.784576,7.8328724
12.146971,12.02099,11.720507,11.395438,11.322453,8.138353
11.080572,10.53423,11.781111,10.736939,10.960386,6.716852
10.429753,10.835483,10.405209,9.70828,8.995086,8.407671
11.725727,10.144268,10.069182,10.340099,9.946262,4.6925993
11.948,10.305342,10.979222,11.306021,11.217977,7.4868307
10.920328,10.538586,10.7968645,9.533631,9.162642,8.457235
10.88764,10.730159,11.190903,10.812037,10.864806,7.424598
11.542465,10.702282,10.610681,10.183082,10.252947,8.110064
11.28192,10.936088,8.911043,10.798187,10.693738,6.927799
12.152407,10.635211,10.701292,9.938071,10.127813,8.106487
10.925457,11.019767,11.113953,10.769544,10.904126,7.6229906
9.622451,9.821866,10.220445,9.602496,9.236828,8.132478
11.299123,10.502876,7.229621,11.379198,11.968458,6.781388
12.08554,11.506518,10.859967,11.067497,10.705028,7.0196047
11.955505,10.993575,11.911696,11.607139,10.592929,5.320196
10.484811,10.638676,10.971275,10.8692045,11.203235,4.907627
9.890283,10.43615,10.255175,10.319706,10.370737,7.936063
11.237642,10.327293,8.80289,9.910603,10.05309,8.086421
11.703382,11.2603035,10.976309,9.997877,9.793693,8.318653
10.241274,10.793387,8.569378,10.43995,10.359427,7.27311
12.108618,10.553782,9.974665,11.483043,11.289462,7.5507984
11.434676,11.174887,9.779682,11.350182,11.477462,6.992982
11.689255,10.400615,9.255375,10.578013,10.68338,8.190035
12.628532,11.38451,11.427675,10.2119055,10.147268,7.607704
7.301149,9.508443,9.76686,11.002933,10.629734,6.4798117
11.50535,11.266562,11.732383,11.014995,10.714601,6.2897224
12.388936,10.904987,11.756209,12.133278,12.156398,8.552864
11.981863,10.96924,11.531436,11.554482,11.561973,5.2506313
11.089691,10.941811,10.43244,10.478473,10.294275,8.232884
9.493227,8.814869,11.567353,9.614184,9.592341,7.064968
11.213068,9.094475,10.670095,11.9530945,11.650939,6.1392145
11.664641,10.517738,11.918184,10.255262,10.305624,5.4622355
10.9342165,10.041187,9.155424,9.588427,8.112154,7.823443
11.3143425,10.455008,9.861314,9.863503,10.604633,3.7015412
11.541161,11.855746,10.308908,11.005328,11.210276,6.635565
10.345779,9.768131,10.548168,10.771984,10.437283,6.166652
9.436003,9.9828205,11.7478285,10.99918,10.644766,6.464071
11.158836,10.800981,11.695856,11.431803,11.36332,7.5172987
12.733114,11.959616,10.569684,12.352913,11.990534,5.358329
9.762446,10.187919,10.509014,10.857254,10.424646,6.379393
10.993614,9.341622,9.048908,10.299321,10.843377,7.280773
10.071771,9.864033,11.296591,11.604433,11.442321,6.1253095
11.362394,10.423193,10.5580225,10.071291,9.238609,5.4524994
8.592049,8.647295,8.8857355,10.919428,11.084627,6.9602604
9.695976,9.775908,9.626159,10.238056,10.156101,7.17577
11.633778,11.385892,9.951747,11.8581915,11.818859,6.1841097
9.821985,10.197438,9.561199,11.203864,8.689875,5.3041887
12.446987,11.4820795,11.806625,11.17328,11.188353,7.248366
11.585434,10.895848,10.345161,7.5485654,8.251857,5.0237775
9.6589775,9.442133,9.793342,10.286666,9.811737,6.219638
12.193738,12.237233,11.091072,11.601837,11.016369,7.2585425
11.300521,11.490198,9.0006895,11.501691,11.562246,5.7748365
12.026577,10.1599655,10.926483,9.973019,10.036651,4.286501
10.503077,10.638207,10.791747,10.304213,10.241472,6.92273
11.555454,11.040815,11.062824,11.546916,11.725786,6.3146744
11.507364,10.476757,11.435917,11.888763,12.073917,6.335738
7.5371256,10.762924,10.759911,10.39646,10.271493,7.9086504
11.681376,11.349227,10.148348,10.908619,11.273976,9.337181
11.369126,10.911376,11.5658245,11.03944,11.064516,3.0874937
11.256757,11.003883,10.89147,12.256114,12.000552,6.473989
11.686035,12.0664,11.481641,11.393173,11.373373,6.1092625
11.07585,11.389581,11.831161,11.3839035,11.349998,7.0084014
11.716214,11.690387,8.980201,11.765984,11.310639,5.787118
10.976744,10.245198,10.195363,10.705223,9.89788,7.7111864
12.550018,11.540752,8.322478,11.931741,11.656035,6.0533886
11.144274,10.136854,8.239833,8.721099,9.71968,6.3156605
10.168171,9.460634,9.038876,9.140692,9.253425,7.648175
11.45782,10.685665,11.005198,11.966551,12.078982,8.125964
11.344917,10.982719,11.447569,10.301035,9.183669,6.0410366
11.898495,10.566069,11.131238,11.504206,11.234361,6.6114264
10.546121,10.655209,8.251419,10.484364,9.872882,5.2472353
11.391415,10.189959,11.608861,11.3558855,9.671342,2.0789235
10.847368,10.292881,8.069447,11.186975,11.22939,6.696631
10.230866,11.399807,10.898584,9.685489,8.131838,8.161669
12.342737,10.071116,10.784713,10.493576,10.089649,5.001379
11.200961,11.521658,9.462027,11.459519,11.491892,6.5808096
10.829054,11.517308,11.251456,11.250434,10.377285,6.14725
11.974434,11.17077,10.487204,10.092133,9.575629,6.2773905
10.076995,10.765713,7.4445896,9.500924,9.506104,4.7852907
10.772551,11.194287,10.132005,11.287582,11.109172,4.679618
11.768537,11.510671,11.242289,12.298629,11.982126,6.669504
10.697065,10.153842,10.088292,10.2547455,10.008834,6.1925154
9.57495,10.179474,8.700613,10.496102,8.293632,8.132023
11.268852,9.286074,10.483695,9.860026,9.854388,6.6332917
10.902976,10.753197,11.764688,10.71063,10.669495,6.8838677
10.67024,10.228459,8.934683,11.711443,11.612781,7.59183
9.899419,8.926402,9.447995,10.086685,10.079025,6.607476
10.712757,10.455859,9.77686,10.78317,9.986337,8.285798
12.150205,11.773536,9.97177,11.534679,11.834523,4.2568974
10.756096,10.508025,10.61771,10.178929,10.126935,5.4127436
10.705814,10.926521,10.77571,10.150774,9.277996,7.74685
12.101669,12.61328,10.679403,11.679034,11.333406,6.6830144
10.800597,10.464146,10.849769,9.769239,8.835194,8.118731
10.145188,9.606356,9.865037,11.736858,11.386367,7.8944826
11.087256,10.685255,9.43384,11.81401,11.755574,6.023693
11.497465,7.4283752,11.108101,10.556449,10.032054,6.93819
10.979991,11.170195,11.469106,11.089117,10.544484,6.3023877
8.9059925,10.8344755,11.276999,10.622548,10.629464,7.4468403
10.290069,8.981342,9.499625,10.348888,10.361891,7.0945964
12.096233,10.675801,11.038379,11.244556,10.140926,7.028526
11.710352,11.338989,12.686802,11.602117,11.902381,5.7840548
11.610762,11.464834,12.26814,11.480043,11.061603,6.2067847
11.457172,10.721273,10.295807,10.700436,9.252662,7.2094793
10.648356,10.023335,12.2048235,10.807421,10.7995405,7.5749273
12.251679,10.4431,10.381393,10.924429,10.695603,8.475406
10.504408,8.38162,9.939206,10.545745,10.469459,6.1192555
10.9088745,11.695301,10.811434,10.721611,9.052455,7.235991
10.73873,11.5340805,12.1351,11.398515,10.914131,7.562142
10.039629,8.228213,8.547283,10.197878,9.426651,7.659243
11.574471,11.342942,9.011726,11.574306,11.958759,5.9189157
9.693041,9.534859,10.741378,10.167388,10.0497875,6.4493494
11.986081,12.062357,11.001886,11.679984,11.682198,7.945741
11.386905,12.263847,10.466049,11.877145,11.775864,6.9566684
12.773855,10.72016,12.198959,11.936825,12.207627,6.6213665
11.914143,10.624614,10.519237,10.903472,10.690519,7.39653
11.10997,10.598641,10.236824,10.408723,10.711133,8.218225
11.560962,11.8003645,11.052146,11.614853,11.682785,8.088513
10.260506,11.871458,10.784441,11.539113,11.901833,7.4361773
9.833765,10.158502,10.938796,11.064588,10.782035,7.2190046
11.201814,11.325938,11.367388,10.997736,10.575126,7.3934355
12.072926,12.1076,11.518082,12.041868,11.982096,7.524553
11.93326,10.369709,11.435733,10.127649,9.56358,5.421859
10.834863,10.4372425,9.101638,10.812014,10.709755,5.0220647
10.678612,11.74955,10.831371,10.809435,10.089093,8.246239
11.721572,10.950682,10.837237,11.1413965,11.409837,7.2381477
11.034206,10.646837,10.717544,11.057764,10.552232,8.172463
10.077007,8.654041,11.846857,10.813137,9.015931,6.5848002
11.19736,10.707418,10.54091,11.510424,11.626357,6.5201664
11.964215,11.57345,11.620845,10.783773,11.016005,7.2510133
10.091357,10.003503,6.4626446,10.846003,10.842003,7.737906
10.252549,11.400518,11.437266,10.92048,11.161905,5.6306176
11.027444,10.93578,8.990239,12.250526,11.990343,6.1844306
9.446415,9.959555,10.081521,10.014145,10.336721,7.613356
11.073372,10.698269,8.563222,12.009442,11.138592,8.08796
10.977029,10.061521,11.547835,11.448711,10.917253,7.0991364
10.148392,9.8349495,10.905823,10.928188,10.3666,7.5504823
5.8298025,10.984129,10.168721,12.086118,11.293459,5.7474046
11.8591175,11.580936,10.606012,11.175259,10.665502,5.1941595
11.264407,10.77362,11.155373,10.873266,9.130775,7.5282536
11.100673,9.418164,10.650109,11.163593,10.910855,6.753971
10.785675,11.582594,9.971593,10.557648,7.5883217,6.9834867
12.078659,10.434296,7.7773185,10.888483,10.370341,7.4786367
11.995204,11.210337,10.296029,11.2264,11.800698,8.247631
10.836499,10.441189,11.018737,10.199531,10.431192,7.999807
10.567051,10.483201,10.638407,10.884778,10.7957325,8.217035
11.794838,10.485776,8.162001,11.247668,11.66637,7.8834
11.684461,10.891234,10.214586,10.073633,10.29875,7.1047506
10.884919,10.560476,10.512938,12.049612,11.170782,7.223917
12.0040655,12.075823,10.833878,10.841234,9.917202,5.258597
11.677164,11.331951,11.6101055,10.40738,8.154162,7.7726703
10.615766,10.903541,11.677556,10.691398,10.450819,7.3788385
10.2525425,10.704697,11.845806,10.057276,8.755146,6.640715
12.286743,12.517818,11.014259,10.699479,9.892233,7.9091616
9.642942,10.848889,9.461799,11.441392,11.072134,8.075681
11.926555,10.458518,9.128996,11.223361,10.872143,7.613884
10.8220005,11.41427,9.659148,10.837409,10.250116,8.306598
10.862189,10.725311,9.773761,11.54443,11.546183,5.9995193
11.676096,12.076103,11.488244,10.819627,10.9170685,8.1388035
12.693108,10.24637,10.940218,11.149745,9.678618,7.0219536
11.400036,9.831583,11.618396,9.788447,9.707379,7.658827
10.692058,9.260031,11.090168,9.321686,9.7828455,6.921769
12.408413,11.221043,10.97986,11.329296,10.911798,3.4723208
10.408945,9.614505,10.082493,10.88491,11.472659,7.5555487
10.880955,10.686199,9.627613,10.454345,10.379199,6.696459
11.350282,11.247575,10.746309,11.205327,10.482647,5.268925
11.865709,10.920615,9.871187,10.249078,10.830176,7.164572
10.335943,9.396204,9.720645,8.991168,8.750358,6.6945434
12.531342,13.01144,12.25809,11.903917,11.505366,6.621212
8.099155,10.385782,10.07104,9.845999,8.839602,7.0747085
12.280208,11.477803,10.268512,12.089718,11.747902,7.9476132
10.722468,10.755336,10.391456,11.730171,11.71502,3.0574
11.350559,9.352501,7.772875,10.408418,10.344523,8.437722
11.984719,11.569093,11.279353,11.740825,11.819617,8.131348
11.166508,10.769099,9.992455,9.680234,9.564761,7.3417454
11.261735,9.991784,11.218991,10.947416,8.687537,7.7929583
10.7124,10.88781,10.240138,9.245487,9.347569,7.1428266
10.62836,10.915095,11.353341,10.005776,10.245031,3.726155
9.952402,10.990968,9.552397,10.228641,10.041397,6.6281037
11.015482,10.912321,11.175247,10.606612,9.911585,5.9841638
12.246105,11.088049,10.711427,11.050387,10.764195,5.2900834
11.042173,9.910201,9.638219,10.184896,9.9264965,8.777919
11.335893,11.146055,10.341759,9.054668,7.6166363,4.4176784
12.430191,11.611078,12.225415,11.344068,11.170336,7.235289
10.726251,9.174966,10.344911,9.152794,8.681384,6.309427
11.443542,10.349833,9.5489235,10.662985,10.67437,7.204754
10.709358,10.744159,9.106645,9.840443,9.441256,7.399259
10.619006,10.57713,9.778286,10.281648,10.211911,7.6237745
11.885362,11.044627,10.49054,9.923099,9.78801,7.0385733
12.59933,9.895722,10.3927555,11.360132,11.374797,7.8176546
11.272346,9.8495,10.544969,11.183977,10.450446,3.8250525
12.417387,10.940241,10.673972,11.01655,11.204813,6.181263
11.841565,11.042517,11.803097,10.884741,10.918668,8.569193
11.227373,10.428887,8.967298,11.488494,11.527965,7.7208886
11.820153,9.9510975,10.990375,11.221162,11.545792,6.936105
11.552163,11.198821,8.74988,11.128834,11.391901,6.332118
11.422503,10.7205715,10.981374,11.257213,10.820613,6.4474735
10.917631,11.338764,9.912765,10.276033,10.053274,7.6384196
11.234419,12.004653,12.9112215,12.515046,12.710809,6.5484967
9.329907,9.952764,9.000646,8.883419,6.2234125,5.617938
10.38737,8.503183,8.280802,10.161686,10.779051,6.4744077
11.111449,9.950659,11.294093,11.171195,10.635951,7.061756
11.19779,11.558875,11.597467,10.609207,10.504984,8.459742
11.262605,11.856149,11.207722,11.742974,11.829601,5.906489
9.662618,9.007562,8.614901,11.025861,10.021766,5.006157
12.365806,12.41876,11.464918,10.969836,11.1892395,4.087671
11.192001,10.057272,10.08899,10.656059,9.519933,7.435134
10.982607,11.168213,9.8018265,10.623584,9.318052,7.0117435
10.796965,10.186514,10.677074,10.420689,10.358525,7.8164954
11.389941,10.640932,10.318032,11.118764,9.0206995,7.464396
13.327501,11.533539,10.144217,12.077108,10.896019,6.6180024
11.525465,10.699564,11.047506,11.292251,8.345204,7.579139
9.812015,9.455053,9.118776,10.153562,10.445004,7.1384583
11.271327,11.067541,11.354241,10.8594265,10.925265,6.7534757
10.398166,10.239952,9.510061,9.381867,7.4969587,6.8959284
11.054502,11.207307,9.814797,10.844946,9.237868,5.58035
11.91874,10.99206,10.651579,11.30165,11.300495,6.4451733
10.078688,9.74549,10.400211,10.413532,10.012336,5.176092
11.175052,11.646915,10.733041,10.773585,10.177805,6.2793922
11.441197,11.018952,10.442325,12.126619,10.811092,3.4064074
10.211833,11.637501,10.366944,11.397365,11.366799,5.8807144
11.197617,11.4754,7.1283064,9.953108,9.62339,6.443974
11.056898,9.519499,10.102884,11.03231,11.071572,6.3675413
11.369742,9.9978485,11.274787,9.780932,9.767168,8.393632
11.289501,9.823939,10.328373,11.204863,10.264124,7.1053066
11.113729,10.559006,10.08227,10.399313,10.039247,5.6161003
11.617965,10.802128,10.643463,11.196194,10.800942,6.977436
11.331145,10.457034,10.2993555,10.46646,10.396883,7.124161
11.120833,8.781122,10.816835,10.925812,10.680415,6.43682
11.976359,8.713966,10.755537,10.508663,9.150135,5.8352513
11.052064,11.632672,10.50392,11.033754,11.253482,7.691744
8.781717,10.515367,11.051032,10.710332,10.626055,5.7225604
8.655753,11.099655,10.235947,10.857854,10.202975,7.5771575
11.02786,10.607922,10.430421,9.705339,9.972781,7.6191783
11.496958,11.451314,11.750757,11.277665,11.32089,6.9536037
11.4889765,11.450402,10.099595,11.110151,10.397441,5.4207797
10.210709,10.907644,11.151009,10.799265,11.09122,8.358001
10.558168,10.210962,10.046811,9.323093,9.709872,7.486307
11.278034,10.548613,11.58197,10.455854,10.617348,6.3579082
10.2898855,10.768684,10.235569,11.31959,11.457631,2.9539075
10.877295,10.367988,9.110306,9.469358,9.58415,7.7374835
9.89607,11.938258,11.264554,11.468392,9.68984,6.7170367
11.8574915,11.81701,10.841084,11.799145,11.96543,5.3567057
10.89165,11.624443,10.201442,11.600015,11.566952,6.676065
11.842667,10.36799,10.032241,10.794063,10.755964,7.0979843
11.109872,10.185584,10.31258,9.04606,10.092226,4.7310114
11.081134,10.846807,11.381785,10.718654,10.099723,4.7721214
11.878287,12.263002,11.258975,11.276521,9.40713,6.810073
11.931458,10.913796,11.045362,11.470885,11.421579,6.3627462
12.414513,12.009996,11.623211,11.891691,11.726325,8.041179
11.857327,11.896582,10.476114,11.657848,10.566933,6.320463
10.30143,12.522897,7.704023,10.541098,9.728346,7.4307866
10.550545,11.570586,10.394193,9.200031,8.28774,7.4021754
10.644862,10.515138,10.685882,10.503679,10.16784,7.5086126
11.030483,10.389962,9.210841,11.215742,10.661196,4.5019155
12.518866,10.748408,12.293154,9.042469,6.746469,8.030723
10.412989,7.6826534,8.904097,11.065028,10.018356,7.3929286
10.96272,10.732801,10.53042,10.374846,10.610082,6.719408
10.741184,10.352581,10.64608,9.682506,9.239652,4.8117824
9.48843,10.4572525,10.447421,10.366411,10.310385,6.3467164
11.829074,11.950599,10.806915,11.183406,11.006289,5.100493
11.863675,11.356647,10.093008,11.498778,11.184386,8.633946
11.424862,10.749582,11.806756,11.474932,10.4436035,7.304426
11.377501,9.698574,10.683671,9.206609,9.265612,3.7069128
12.135712,11.313503,11.684702,11.747782,11.592282,6.9898777
11.918615,11.400043,9.623165,9.623636,9.797094,8.009956
11.296782,11.977104,8.675659,11.638805,11.887363,6.5836225
12.555564,10.092164,8.472407,10.341791,10.52726,8.022966
11.264986,9.789812,8.894835,10.606366,8.423914,5.2470226
11.276006,11.517215,11.093131,10.720563,10.827062,5.554424
11.556065,10.991106,11.656671,12.231605,11.318368,7.326165
12.097594,11.265339,9.978176,10.662992,10.6723995,8.2283125
11.465157,10.236944,10.884175,10.783738,10.848332,6.787492
11.084139,10.981857,9.786964,10.111735,10.455648,7.809003
12.199553,11.758125,11.841911,10.827876,9.357039,4.553441
9.94083,11.541884,10.313961,9.7931795,7.3790627,6.5038376
9.480068,11.257772,10.168029,10.954266,11.043333,7.8091316
11.838992,11.064184,10.544404,11.069992,11.154588,6.8364177
11.489324,12.280337,10.852266,11.220409,10.959875,8.645215
10.499224,11.916537,10.771355,8.662452,7.7431087,4.7427845
11.815548,11.41179,11.593844,11.067088,10.987995,6.9345512
12.194729,11.728926,11.148996,11.692162,11.870203,6.8844314
10.978991,10.491508,9.730728,10.818873,10.914091,7.4439325
10.280195,10.2508335,9.775507,10.49748,9.886893,1.9224565
10.731396,9.015644,10.571034,10.090406,9.944051,5.161053
10.058022,10.911791,10.42468,10.4405155,10.528038,7.158169
12.349337,10.396553,11.427665,10.34357,10.420952,5.338849
11.454805,9.522818,11.409842,10.776692,9.818705,4.870684
11.547268,10.70347,10.827936,10.463121,10.911688,5.651251
11.535345,11.125626,10.958573,9.348358,9.541527,7.2131176
11.4659605,11.21508,10.83437,11.553221,12.158775,3.8699217
11.550049,11.837735,10.578045,10.592607,10.633729,8.498501
11.672377,12.058993,9.559328,11.195634,11.24735,7.817179
11.648415,9.427335,10.395314,11.099615,10.384819,6.276926
11.117533,10.890648,10.108175,9.780868,10.018261,7.5637884
11.534917,11.94542,10.991531,11.875154,11.703979,7.9285398
9.322813,9.726625,11.271061,10.437322,8.729199,7.489672
9.304483,10.51645,10.065252,10.409337,10.96906,3.9783807
9.378372,10.872605,10.510583,9.9105835,10.251441,5.670698
11.743844,12.383407,11.797546,11.5435295,11.746172,7.0152307
11.509819,11.170244,9.489452,11.575287,11.245969,6.0888186
10.292212,10.083159,10.026052,9.951361,10.188421,3.9498272
11.457026,9.450206,10.971727,11.44132,9.600366,4.573833
11.929213,9.811958,9.262357,11.824663,11.334051,6.272822
11.895417,10.973278,11.068792,11.577931,11.628298,6.457374
10.690372,10.536074,9.863148,9.887238,9.641265,7.9547
10.080534,10.014073,11.185079,9.123291,8.309144,5.0356994
11.760387,11.093914,11.480528,10.865809,10.885277,2.6604142
11.019188,11.646798,11.360033,12.042902,11.994133,7.096942
10.564451,10.472047,10.255114,11.227991,10.17303,7.0699706
11.273983,10.874863,10.937363,11.121993,10.859167,8.366681
10.872643,11.428258,8.708687,10.296637,10.046867,6.861312
11.089227,10.040383,11.896433,11.049099,11.299107,6.5044856
12.12939,11.005078,12.359655,11.344649,11.280302,8.232867
8.626692,9.526489,11.34047,9.883267,8.907334,6.013178
12.474654,11.418709,10.944386,11.735577,12.047836,6.4210973
12.027498,10.268471,11.8339615,9.358101,8.088934,7.6616187
11.651415,12.017071,11.556744,9.594473,9.520107,6.6528997
10.359461,10.087312,10.390484,11.332516,10.735184,7.34094
10.464608,11.248852,10.527491,9.132378,8.068595,6.915303
10.816033,9.720556,8.630119,10.17168,9.774185,7.6077065
9.674365,11.258706,10.627331,11.202831,10.680589,5.789992
11.9071865,11.892388,11.057128,11.866334,12.116612,8.031359
7.6107993,10.835209,9.212219,9.3610525,9.7936125,7.9344177
12.052713,11.072326,10.565722,10.397915,10.352178,6.8473473
9.470557,11.157348,7.924548,9.487353,9.189248,7.176459
10.455727,10.698984,8.685056,9.999143,9.957923,5.775313
11.122123,10.682959,6.27435,9.874064,9.08163,7.937063
11.2060375,12.3062725,10.995583,11.588486,10.986733,4.1011157
10.135597,11.578902,10.234841,11.510827,11.929608,7.8938107
10.231046,9.900751,8.384224,10.033769,9.92353,8.174372
8.774881,11.261888,8.679462,11.814066,11.720902,7.5262365
11.450483,11.167185,11.384589,11.913742,11.992165,3.3819857
11.8199215,11.757039,9.945172,11.147449,10.845257,6.0146427
11.218818,11.5665455,10.249917,11.566279,11.2337885,7.4997053
12.063302,11.558274,11.395435,10.400926,9.369843,5.8492174
11.25073,11.821415,10.127362,10.582954,10.490458,8.636984
11.031577,11.685053,10.557546,11.551891,10.982557,7.087533
12.816488,11.23321,11.393958,10.468003,10.6840925,5.6816125
9.797063,10.77821,10.692189,11.24494,11.074396,7.9924927
9.855243,9.3265505,10.848352,10.017052,9.720873,7.795434
12.573302,10.995813,10.600438,9.779703,8.737391,7.2032394
11.285197,10.256194,11.997601,11.985426,11.303882,7.874892
12.068979,11.589688,10.995086,10.500949,10.574538,7.5353937
13.343443,13.687196,12.492401,12.00625,12.181327,6.35102
12.86567,11.205913,11.951039,11.120856,10.890898,7.1298957
10.207817,10.171397,10.244616,9.135033,9.575763,5.4027505
9.342988,11.311887,10.61197,10.985735,10.56434,6.441958
10.832235,10.823871,11.831336,10.809464,10.855148,6.730375
11.713735,10.876251,10.828735,11.467177,11.6229105,8.06225
11.410526,11.041342,10.655097,11.110417,10.882016,7.2149076
11.0710125,8.901289,10.2732315,10.304546,10.232435,5.319704
11.746132,11.842272,11.684568,11.477645,11.82322,7.4766803
9.282771,10.680242,10.037593,6.2996006,6.7284813,6.347366
11.125375,11.058806,11.102835,11.295163,11.327221,7.289001
11.60243,11.555798,10.617673,12.039267,12.099243,6.0569534
12.443167,12.219622,8.16761,11.567435,11.556313,6.2385054
11.551775,10.534876,11.536908,11.180478,11.014651,6.1319904
10.7467785,10.676982,10.053838,10.469973,10.293581,8.126603
10.526297,9.123543,10.977932,10.055621,10.126804,4.1397505
11.086148,11.433894,10.986963,9.1711855,8.122747,6.6565337
11.30884,10.463215,10.705427,12.027098,11.980741,5.2784443
11.60941,10.987744,10.519338,10.701667,10.784628,8.055846
10.033947,11.436738,9.037994,10.318927,10.074622,7.99083
11.138121,10.55088,10.847721,11.295684,10.973537,6.136604
11.019627,10.407921,10.836817,10.293246,10.41568,5.48715
12.206491,11.303237,12.046311,11.728385,11.62744,7.248852
11.392019,10.690166,10.429641,10.086684,9.826457,6.503763
12.623072,10.86359,11.003354,10.283763,10.1450815,4.53494
11.238116,10.052532,11.25829,10.92485,8.993339,5.451629
11.399456,11.113106,11.993611,11.318434,9.083324,5.8543763
10.4788685,10.942655,10.50419,10.519426,9.320849,3.096591
9.923187,10.720612,10.324772,10.173578,9.409269,8.419924
11.403265,12.528652,11.077325,12.392982,12.367923,5.0715127
10.842528,9.192227,8.697266,10.031554,8.94552,5.7025037
10.9820175,10.490137,10.232547,11.354371,10.211844,5.9707627
10.213897,11.403254,9.249508,10.847031,10.765295,5.052767
10.613932,10.9602585,11.659105,11.988009,12.196605,5.5691376
10.062153,11.246141,11.666788,11.432767,11.0659,7.5716443
11.18085,11.140692,9.810007,10.4067135,10.494223,7.060991
10.928073,11.271567,8.518049,11.170084,9.78858,7.3524265
12.382099,9.276738,11.535203,11.61344,11.699754,8.1446295
11.717255,10.58448,10.513241,9.273167,8.773782,6.729303
11.990922,12.194645,11.024165,12.117605,11.698827,8.140017
10.639566,9.872784,10.29057,9.211563,10.167732,6.2456555
10.334387,10.184704,8.641784,9.505827,9.572397,8.416507
10.337953,10.117276,9.057193,9.52414,8.671489,6.9146285
11.721731,10.61973,10.556184,10.500972,10.2057085,6.5515485
12.122473,11.904269,10.673991,10.745149,10.657728,4.442998
11.672383,11.14735,10.99751,11.016697,11.091576,7.9482636
9.339617,10.638251,11.265234,10.514072,9.634734,7.4311004
9.853406,9.597298,9.774123,10.086184,9.82611,8.324787
10.025657,9.665667,8.656876,8.748676,8.813921,7.260448
10.94974,9.388725,11.056789,10.6441555,10.591732,5.4149637
9.789767,11.011736,10.936377,10.896761,10.803873,8.560158
11.188811,9.459936,9.186249,9.329605,9.684841,7.9693184
12.01874,12.054852,9.175503,11.966264,10.891254,7.261044
11.458377,10.263426,10.526643,11.244844,11.465993,5.7192574
11.215877,10.452497,10.116065,10.484799,10.514171,6.190159
11.537724,10.882367,9.745281,10.910745,9.984095,6.2377453
11.477742,10.971697,10.386301,11.964204,11.897902,6.784158
11.138824,10.295035,9.672204,11.615734,11.61347,6.419883
10.1013775,8.347647,9.479624,10.844207,10.768609,7.362103
11.531581,11.279254,10.638676,10.971649,11.113098,7.435931
11.872253,9.982604,9.506958,11.561707,11.825489,4.979941
11.411841,11.639815,11.865885,10.884839,10.59492,7.331482
12.085351,12.225601,11.718344,11.923873,11.676071,3.4444475
11.861354,11.285832,11.496938,10.447203,9.990262,5.527278
11.361656,11.427387,9.788262,12.3781,12.651559,6.7226934
9.548302,11.107212,9.672024,9.209433,8.806744,8.259058
11.863689,11.818387,10.675358,11.464804,11.313957,3.6438198
10.873299,10.910368,8.939943,11.528732,8.870237,7.3827457
10.204087,10.209183,11.455236,10.739682,9.129086,6.8603725
11.998346,11.395847,10.705992,11.300262,9.47968,6.853976
10.532422,10.674087,10.4229,11.172514,11.175851,6.3659377
10.869799,10.877966,10.520356,10.779402,10.229951,6.7960296
12.437354,11.308499,11.1431465,11.474018,11.690316,8.188868
11.069917,11.573949,10.978193,11.455678,11.172348,5.4390135
10.77823,10.724161,9.205531,9.638092,8.563328,6.1370964
11.537756,9.943643,11.303456,10.741866,10.649204,6.393444
10.19693,11.353376,11.634357,12.087957,11.930228,4.4161177
8.2487955,10.652112,10.281125,10.289147,10.209369,5.419896
9.670014,11.093187,8.424755,11.283545,10.918048,7.736078
10.628793,8.79439,8.328696,11.275893,10.944911,7.180184
12.3083,12.070219,12.403652,11.21542,11.253133,7.6563454
11.371943,10.320811,11.802838,10.281723,9.024332,5.6857176
10.868047,11.004065,10.739888,10.274877,9.682748,5.5896397
9.733593,9.637756,8.20493,10.065606,10.219745,7.553701
10.336083,10.085051,11.357246,10.091549,10.141815,6.7899213
10.4973345,10.834425,11.530454,11.585761,11.387485,7.8205175
10.951333,10.759214,10.979251,10.341775,8.235093,7.6130743
11.766383,11.313084,10.467552,11.093575,10.531717,6.526082
11.02762,10.988894,10.30632,10.623902,10.438728,6.873227
11.340906,12.268497,11.086377,11.040634,11.32301,6.2204356
10.957361,9.592242,10.854321,9.774506,9.6180315,6.541903
11.811163,11.527794,8.514764,10.507678,9.844145,6.4669538
10.394501,10.214623,9.772377,10.5670185,10.658237,6.9430323
9.461356,8.683702,8.127193,10.676931,10.979394,6.3472214
11.184842,11.1854315,11.017057,10.996779,11.130258,8.186109
11.458098,11.333931,9.566725,12.150661,10.299324,7.1881537
11.522662,10.82648,10.658438,10.000917,9.788093,7.9081182
12.18741,10.89222,10.157976,11.993439,12.014644,5.499346
11.87031,9.8380785,11.410202,10.405107,10.703089,6.923065
9.906191,11.062311,9.500412,11.881423,11.951568,7.712126
11.646635,11.427649,11.715687,12.439987,12.316766,7.158267
10.36372,11.47706,10.682174,10.378484,10.414939,8.401152
10.815446,11.841621,12.539764,8.507003,9.211205,5.874014
10.206724,10.195229,7.795974,9.7606535,8.393934,6.960797
10.438753,10.784829,10.115275,8.730716,8.94115,6.8570805
11.803413,10.445365,8.992593,11.934008,11.973747,8.080562
12.310572,11.9371605,9.938116,10.3448105,8.915537,7.143306
10.173975,11.112047,10.769173,11.474895,11.433967,7.730795
10.026051,10.046435,10.377743,10.351396,10.338884,7.7960243
11.083414,10.95908,10.891005,10.059379,9.827573,6.2683535
11.362165,10.432066,11.37713,11.702138,11.807209,3.5262396
11.399981,11.580926,9.45133,10.01284,8.909157,8.046951
10.175622,9.905653,9.648846,9.332853,7.9598527,7.25545
11.914764,11.845601,10.452511,10.987911,11.250296,7.785467
13.053765,12.593785,12.956847,12.179515,11.81341,7.3827147
11.683941,12.116647,11.412964,11.827593,10.720185,6.6976767
10.414434,9.452335,9.893108,8.655135,9.340973,6.0842447
10.808925,11.619849,10.07341,11.051539,10.931877,6.17396
12.24609,9.7493515,9.561522,10.778459,10.753112,7.3973804
9.458808,9.884431,9.074884,11.27123,11.227545,7.8719416
12.144303,11.05458,11.877425,10.951191,10.12779,6.79793
11.434469,10.7478,11.11889,10.975428,10.923228,6.0274525
11.657584,10.289427,10.84318,10.919623,11.274354,6.8688
12.113525,10.432581,11.210619,11.197818,8.861019,7.786234
11.7550745,10.814758,11.7972355,10.566632,9.514816,6.966318
10.493337,11.532888,11.177528,9.539906,9.507269,7.705856
10.522629,10.156275,10.188932,9.806765,9.422444,7.9700146
12.539034,11.46077,10.834369,11.2610035,11.672748,7.209488
11.37619,11.473145,10.760788,10.176445,9.735914,6.498465
10.321273,9.912314,12.494805,12.267596,12.235798,7.0473633
10.143411,8.761945,9.180006,9.644251,9.782065,7.911941
10.961836,10.842542,10.64673,10.825368,10.499401,8.154551
10.476997,10.803278,10.265186,10.209856,9.710931,7.796647
11.069628,10.941339,10.808916,11.268696,11.040717,8.331136
10.638693,10.207371,9.77519,10.428026,10.256529,6.20686
12.000319,10.118205,11.004842,10.692221,10.987917,6.8085217
12.223071,11.706558,12.555417,10.023971,9.417221,5.837858
10.869,9.922115,9.781814,10.4492,7.9578967,6.871004
10.315561,10.921686,10.362783,10.435024,10.33531,8.756488
10.470807,11.061922,11.615115,11.289396,10.955569,8.452763
9.511261,9.234079,9.157919,9.901371,8.227206,7.523284
10.7363205,11.358772,11.086931,11.622349,11.817248,7.1408906
5.5601263,10.631525,10.3186,10.855723,10.540962,6.1805105
11.695925,10.550519,11.365866,10.153513,10.407819,3.3383138
12.062962,11.2556305,11.0149765,10.027468,10.264319,7.7545576
11.942649,11.799549,11.865707,10.472257,10.501598,6.0380306
11.442783,10.985698,10.622864,11.238726,10.434155,6.7875214
12.060411,11.892698,12.075416,10.612243,10.138216,3.1943421
12.710335,10.604604,11.482035,9.901951,10.380084,7.3138466
9.115946,9.020501,7.7432446,9.394764,9.23197,7.2744102
10.120812,11.483028,10.812155,10.554653,9.458523,5.7850146
10.9645195,11.468168,10.355153,11.279073,11.253068,6.343141
11.9045515,11.13417,9.475668,10.971058,11.305771,5.803859
11.607677,9.3916025,11.353999,11.811957,11.376563,9.055708
10.8283615,9.551214,11.026687,10.069086,10.539711,6.665965
10.5761385,10.862457,10.46352,9.996103,10.107932,4.602354
11.035006,10.623899,8.7931595,10.784442,8.885731,6.6049614
11.0934925,10.552069,10.933018,11.584728,11.071016,6.1552916
10.338841,11.06842,9.200911,9.678044,9.986194,6.170659
11.7296095,11.260923,11.140017,11.493309,10.696466,4.16715
11.705832,11.075651,10.463401,11.316532,11.268288,7.430326
11.227731,11.638833,9.819771,11.34387,11.384281,8.193646
9.820989,10.850231,7.262105,10.246448,10.337577,6.6825047
12.652551,12.744871,12.696896,12.573846,12.365276,7.8413095
12.15172,10.503802,12.157793,11.25868,11.09289,4.7404294
10.284938,10.771243,9.140683,10.474351,9.807761,7.6354966
10.723406,10.641156,9.715039,12.541473,11.482859,7.916443
11.839951,10.671012,10.462101,10.054352,10.029456,6.4927316
11.878989,11.793737,11.779398,11.7453375,9.869152,7.431446
9.973791,10.936146,10.691939,10.520267,10.873462,8.4401045
12.041098,11.490881,11.221458,12.207597,12.161509,7.1927633
10.478248,10.195309,9.688484,9.056953,7.123287,5.6391277
10.093163,10.132175,9.348505,10.104355,9.601752,7.619232
11.90077,12.800325,10.596952,10.695661,10.747212,7.009468
12.213563,12.349718,12.870788,13.081988,12.431661,5.46273
11.862167,11.391653,10.58157,10.612743,10.317038,6.52936
12.030315,11.437403,10.346298,13.091185,13.152375,7.490403
9.996306,11.246869,10.409233,10.090168,8.93086,6.865866
10.854018,10.0616045,11.104721,10.2401905,9.556167,6.7750683
11.133181,10.347624,10.565429,10.433653,10.294014,7.7249956
12.292774,11.283702,11.581574,11.382186,11.550884,7.6759586
11.272625,10.3699255,11.704968,11.58238,10.415244,7.200988
11.079169,9.708934,9.99107,11.687201,11.716366,8.589531
11.723006,12.472109,11.442501,11.831312,11.367752,6.468653
12.290949,11.371473,11.684482,10.708033,10.345284,7.871084
11.062759,11.631686,10.3794,11.552995,11.295804,7.3806376
11.077147,10.955716,10.497479,10.710828,8.99551,7.206712
11.298328,11.068511,8.10015,10.583626,9.97365,6.5564737
9.549621,9.975548,10.90712,9.919879,9.093212,6.811331
12.517948,10.489285,9.886986,10.823578,9.730336,7.3525624
11.74586,9.205769,10.947983,9.182428,8.792441,6.5228205
11.705859,11.654854,11.670195,11.88665,11.941171,7.888715
10.88269,11.708428,9.835172,11.169475,10.666076,7.6069374
10.976897,10.56851,9.458682,10.396347,10.613622,8.193881
11.329729,10.053549,9.919522,11.403432,11.255749,4.571311
11.123379,11.137076,9.531286,11.692376,11.667004,5.607836
11.638472,11.07068,10.680334,10.675615,10.953059,5.6341434
11.239049,12.368543,11.144966,11.329758,11.35923,6.6535425
11.6101265,9.658293,11.564383,9.693901,9.544849,5.30649
11.452262,11.174946,12.060557,11.512938,11.429044,6.3308525
11.284323,10.754416,11.339099,10.966249,11.204769,6.566942
10.269251,11.142161,10.712193,11.580624,10.32979,6.560527
9.661228,9.50338,10.496606,9.904513,9.941117,5.8793483
13.319336,12.579555,10.455367,12.398349,12.372582,8.367735
11.810749,10.7261305,9.545495,10.972035,10.918254,3.7863207
12.2687845,10.868069,11.298611,11.5471525,11.593317,6.9784884
10.71599,10.41795,10.358516,11.325081,10.985519,7.6821733
10.526929,12.434665,10.494524,10.967094,11.028703,8.52639
10.575089,11.0120535,10.44204,9.640218,9.568684,8.086357
10.897496,11.049571,11.243033,11.368658,11.611508,5.6843567
11.51564,10.127098,10.205333,10.702178,11.291552,8.312918
11.471688,12.263704,11.196558,11.119366,11.125399,7.2299194
11.156043,10.528211,9.319352,10.794883,10.319321,5.956017
11.502474,10.968076,12.426631,11.592154,10.923931,4.7893953
10.12915,10.587803,8.882539,10.584104,10.315011,4.632082
12.05615,11.736249,11.397054,11.1170845,10.942842,7.149736
10.495946,10.531886,10.376123,9.123803,9.5590925,6.666401
9.579608,10.531965,10.295885,10.385667,10.583196,8.702917
11.536244,11.2681875,10.76366,11.768001,10.78692,7.6681256
11.05831,11.375512,11.0495,10.451368,8.853974,5.456467
11.187134,12.002938,8.295658,11.221978,11.254023,8.216072
10.256648,10.103907,10.4420595,10.756008,10.982195,5.9842925
10.284311,11.601732,11.325392,11.786833,11.64435,7.0458064
11.0235405,11.828502,12.159257,11.444989,11.340517,5.3378186
11.313228,11.169831,11.707407,11.121763,11.098786,4.7370276
10.793444,10.484555,9.943476,9.549905,9.92266,7.265544
11.61515,9.831834,10.998507,11.123883,10.793289,6.831132
12.345958,10.850855,11.323639,10.766978,10.783398,6.623244
11.559836,11.432832,11.419862,12.125873,12.009351,4.879713
11.391452,10.573955,9.046616,12.162046,12.2303095,5.238671
11.721159,10.579604,10.3737755,11.867796,10.025251,7.69043
11.536964,10.972676,10.591955,11.093345,11.338373,6.9775953
11.324358,11.255062,9.147641,10.954392,10.711932,9.049487
11.015757,12.105998,11.318766,10.935458,10.938707,7.6657596
11.468197,10.941658,11.633842,11.741985,11.80361,8.366434
10.666968,9.470113,11.004136,11.030912,10.375307,8.890576
11.999085,9.4580345,11.328912,11.289971,11.561214,8.027474
11.825603,9.003353,9.916014,11.718131,11.72734,8.078206
11.133739,11.919363,11.697754,11.580137,11.412858,7.249975
10.416513,11.813337,10.964306,10.835726,10.5450325,7.691925
11.919104,12.080226,12.030924,10.526142,10.712687,6.8209276
12.2124,12.105023,11.64717,9.638572,8.361864,4.5156016
11.6566305,10.799682,8.741631,11.14536,10.829079,7.912217
11.298846,8.356231,11.941301,11.451664,10.085653,7.4377832
10.971192,12.253235,11.4865885,11.741274,11.661377,8.017712
10.932523,11.683883,10.330179,11.47294,10.227728,5.0711207
11.027819,10.434243,10.15115,9.930512,9.932394,5.033371
10.879557,9.517938,9.456656,9.605507,9.536648,7.4609413
11.539084,10.548181,10.375577,10.920288,11.1333,7.45588
11.139822,10.340204,12.043753,11.456772,10.7880745,7.398716
11.532412,10.724478,8.135511,9.736358,8.395197,3.885592
11.225741,11.00205,10.843811,11.5182085,11.575624,8.173518
10.388082,10.145153,10.893379,11.058868,11.040838,5.040376
9.6155405,11.803027,10.598902,10.592539,10.665382,6.86403
11.03708,9.692685,10.133852,10.960337,10.917077,6.2140665
9.04201,9.222695,11.169262,9.131095,7.566223,5.683718
9.551673,9.372873,7.8908386,9.650898,8.754917,6.452816
10.461371,10.553753,9.506494,10.497427,10.334755,8.126942
11.737131,11.67004,10.597907,11.406133,11.507079,8.267974
10.994807,11.246201,11.053585,12.286686,11.698522,7.528417
10.523785,11.462193,11.895728,11.897112,12.220642,6.686185
9.871362,11.27855,11.796726,11.041089,11.111187,8.207879
11.576441,11.745331,10.241262,11.051708,10.98437,6.5926204
10.383033,10.880581,10.436441,9.902432,9.879924,5.2371473
12.112426,11.104736,11.514656,11.675484,11.365245,7.3939686
10.570778,10.770596,9.85867,8.57993,8.646542,2.8046994
11.441207,10.695205,10.97024,11.099542,9.995392,6.562437
10.816294,9.911768,10.444977,11.275914,11.422886,8.37224
10.059641,10.823718,11.209506,11.423875,11.736002,6.5050573
10.419586,10.207656,8.577702,10.708516,10.215305,7.3370786
12.117743,12.4832325,12.0068035,10.060776,9.942477,4.8909273
10.64631,9.618878,11.987996,10.280515,10.37963,5.17076
10.482564,9.76836,10.291949,11.302926,9.256863,5.8455405
9.96996,11.041041,10.779401,11.234592,11.351579,7.8607945
12.054293,11.178191,11.506589,11.995235,11.863937,8.334837
12.312033,10.967888,12.300833,11.159435,11.196002,8.077409
11.526947,11.622129,11.29694,11.129018,11.193019,7.63848
10.147451,10.567698,10.4572525,10.242211,10.052402,7.36342
11.728032,10.60876,10.886433,10.842225,10.831652,6.9549036
9.196514,11.044836,10.428797,10.622883,10.581727,7.9624853
11.274077,10.842944,11.00236,9.788248,7.68646,2.5336463
11.007154,11.487065,9.700222,10.941686,11.248416,6.184652
10.648275,10.239799,9.556578,11.243005,10.381167,7.8948765
9.600283,9.271845,9.882538,8.649723,8.63451,7.3907886
11.053087,11.3203335,9.742185,11.426849,9.500829,7.248955
11.62331,11.683723,11.406815,11.20123,11.6349535,6.0605063
11.021187,10.727903,8.830737,10.313435,9.82776,5.6621985
11.763091,10.366983,10.200217,10.337661,8.634947,3.443537
11.284727,11.300063,11.169015,11.452157,11.216604,7.6007195
12.243656,11.08812,11.496416,12.151603,11.967335,6.528777
11.699988,11.0910635,11.551933,10.902967,11.4421215,6.736435
8.832176,10.295244,11.741033,11.392881,10.4651985,6.909068
9.302373,10.534603,10.52264,11.054554,9.047355,6.9593153
10.632359,10.522106,12.328814,11.544376,11.385309,8.654674
11.64036,10.158143,9.667622,10.184226,10.219165,6.5048995
10.870282,10.301836,10.690187,11.022871,11.07744,7.1043677
10.696306,9.800107,10.968773,11.92727,11.522744,7.9282937
10.865109,11.398588,11.150548,10.430913,10.58187,5.8667293
11.196347,10.982079,11.475233,12.048138,11.608785,3.3987336
10.232699,9.734523,10.440269,11.065582,10.67829,6.1213503
11.645981,11.393259,12.516559,9.507205,9.49563,3.8521357
11.809554,11.465291,10.105278,11.918729,10.155772,6.145694
12.308929,10.998661,10.108241,11.569054,10.805573,7.202595
11.419213,10.994132,11.45172,11.777899,10.879401,5.98529
11.686345,11.680273,9.374547,10.539827,11.273686,4.154872
11.421363,10.68693,10.049673,11.256853,11.115475,4.5208063
11.551402,10.540465,11.504794,10.250805,10.40385,8.659552
9.863577,10.966458,10.783478,9.56335,9.476642,7.6317225
11.1929655,11.585723,10.571318,10.6445465,10.41973,7.159667
11.836819,10.833955,11.483102,9.818631,9.199884,7.222084
10.887016,11.637375,11.9401245,11.176511,7.6601276,6.727353
9.971756,9.457772,9.341712,10.1279125,9.222607,8.137693
10.996105,11.497794,11.78776,11.471324,11.305919,6.4530625
9.58614,10.530787,9.217864,11.234487,11.198192,6.2594943
12.712819,11.501249,11.020212,12.309295,12.283755,7.2322226
12.019634,11.758165,10.952092,11.440848,10.818586,7.665652
11.089962,9.95316,9.168834,10.797185,10.7349825,8.20189
11.830411,12.027327,10.873612,11.289882,8.898632,6.3388762
11.112008,9.970443,10.080229,10.563497,10.173681,7.642808
11.424657,11.010293,11.684518,12.112046,11.526001,6.9653234
10.96814,10.904919,9.221928,11.434021,10.469816,5.6131163
10.959047,12.063245,11.443508,11.086768,11.093,6.505993
11.286695,11.776203,10.5052,10.354889,10.31886,7.848721
10.492689,9.425366,9.761039,11.218065,10.169064,7.161063
11.133731,11.780564,11.433736,11.783373,11.864089,6.29051
12.030939,11.275298,11.815353,11.333071,11.184582,6.452933
11.33431,10.558604,10.369289,8.50284,8.421848,6.500317
10.66843,10.8720875,10.160748,9.806209,9.614517,8.310593
10.408468,9.7057905,9.591604,11.645057,11.325466,6.5741434
10.653562,11.724519,10.131802,11.123257,10.922087,3.7363043
11.344815,11.95529,10.42248,11.358182,10.7885,4.657755
11.238856,10.468225,10.797796,11.086402,10.570262,6.8321424
9.418749,10.275094,11.5447445,10.584446,10.36631,5.421485
11.575105,11.183806,11.612661,10.735212,9.349097,6.827103
12.08895,11.660573,10.766387,10.555416,10.94652,6.2809863
11.449927,11.624376,11.027873,11.273247,10.9824295,3.8538616
9.840994,9.305965,9.510561,9.080846,6.82306,3.841418
10.665188,12.084648,11.350309,10.823259,10.975874,6.939277
11.327752,11.554661,10.805177,11.512205,11.167296,7.5908523
11.652918,9.633738,7.895751,10.595333,11.059815,5.6941695
10.856403,11.224526,10.86937,11.85166,11.150796,7.532308
11.481362,11.860353,10.531471,12.402383,12.384915,7.5411515
12.352593,11.226965,11.9416275,9.69278,9.264655,8.040558
10.97565,10.205653,7.0485606,9.684423,7.3501825,6.1124897
10.634834,12.02363,11.844288,12.062216,12.199738,6.091268
11.898275,10.581342,10.619088,12.225571,12.291506,7.5322933
9.865306,10.885214,9.7095375,10.070476,10.030695,7.068055
11.34915,11.634721,11.308532,10.881653,10.76079,8.18214
11.320204,11.368547,10.486806,11.424705,11.103441,7.1573925
12.583847,9.304268,12.319958,10.43421,10.017789,7.0986185
12.180665,11.378266,9.378471,11.366956,11.416445,5.585601
11.375266,11.384898,8.9423275,10.231221,9.02844,8.4434185
11.376911,10.902517,10.076911,10.908278,10.712794,6.208466
11.919071,11.46134,12.15822,11.125376,10.477919,7.2758455
9.99103,11.363561,10.468848,11.12098,10.907855,7.0946136
11.126716,9.526339,9.579772,11.078032,10.146115,6.9032283
10.900601,8.85714,7.73898,10.218746,10.166397,8.242365
11.989698,11.168314,11.678854,11.860413,11.915813,5.4862742
12.58761,9.748863,11.878949,12.406522,12.292782,5.7355404
11.262259,11.266631,11.165792,9.887635,8.886092,7.929432
9.744446,10.633523,8.153187,10.747279,10.71314,6.159259
11.446076,9.766223,12.083842,11.463972,10.90867,8.2941065
11.534648,9.883931,10.200777,11.538974,11.493278,7.5927362
10.692955,10.560795,10.688718,11.282597,11.266382,7.006112
11.158555,8.385854,9.710671,10.166875,10.122611,5.6796837
11.568751,11.812008,10.587952,10.962574,10.6565695,6.7616887
9.005481,11.246258,10.237618,11.600507,11.6526,5.9584656
11.040014,11.200067,11.170366,10.112042,10.589658,7.9533186
10.784605,11.023101,10.881341,10.875888,11.212353,7.21172
10.368193,11.002066,11.509265,11.318203,11.365982,6.7411404
11.547504,9.003703,10.555974,10.194442,10.088868,6.0422697
10.978542,10.987254,11.964582,11.365215,11.521019,6.5839
9.805054,9.7297125,10.186522,10.525448,10.923001,6.1404314
10.887583,9.900038,8.834471,9.990741,10.09353,5.816965
9.590607,10.207543,10.31683,10.11295,8.922531,4.049543
9.564397,10.9738865,10.046657,9.686075,10.324102,2.7021215
11.280083,11.506147,10.240448,11.407938,11.210745,6.531267
9.8175745,11.044365,10.487007,11.356672,11.271127,7.309649
9.068371,9.945074,10.07868,11.1103735,10.223767,7.2466764
11.759202,9.517373,10.076192,10.274337,8.797377,8.222309
11.075367,11.220137,11.041339,11.432436,11.36003,8.393976
9.672989,10.793425,9.114941,11.7610235,11.139224,6.158046
10.465132,9.077795,5.48367,11.444215,11.311623,4.5351925
12.08718,11.577641,10.742546,12.362942,12.05218,6.4807806
11.079719,11.382649,7.7574587,11.652376,11.503261,8.50979
11.505982,11.697079,11.244887,10.978656,11.310772,3.756236
10.452794,10.35751,8.655499,9.49669,9.731822,8.938581
11.47742,11.07109,11.364719,11.699556,11.691249,7.489824
10.46834,9.950603,10.485596,9.915719,9.720446,4.9634533
10.63443,9.000574,8.525939,9.679513,9.566169,5.823847
11.322389,11.333204,10.72792,10.783813,11.287302,5.316426
10.404809,9.925172,10.593239,9.147473,9.521772,6.379127
10.495017,10.371936,11.109196,9.702889,9.751445,5.5590787
9.589573,11.276625,10.515911,11.001072,9.696783,6.718458
9.599305,11.349462,9.000832,10.742538,11.143789,4.301033
12.022753,9.845112,10.279989,10.414411,10.359873,7.7981873
10.848247,9.632857,9.675348,11.221697,11.442401,6.829877
10.7889185,11.927518,12.055134,11.794337,11.416175,6.1292467
9.736718,10.486164,9.547933,10.626815,10.2971945,4.846363
11.118069,11.818224,11.464203,10.259883,10.393962,7.2155347
9.646309,10.662603,10.98901,9.917316,8.764656,6.8013244
10.382864,10.793209,11.790499,10.466001,10.295236,7.381771
9.247676,10.557997,10.816171,11.1696205,10.559254,7.351394
10.745968,10.894786,10.732151,10.702516,9.769137,7.884921
11.65469,11.801104,10.749215,12.267691,11.96141,7.5454082
10.91181,11.337516,10.626411,10.246143,9.814781,5.9155803
10.515323,10.231599,9.7594595,9.818196,9.708577,7.886629
11.091129,10.910597,10.691414,10.224157,9.990702,7.570096
11.524543,10.534587,11.24415,11.023554,10.301777,6.9374614
10.311971,10.688095,10.510354,11.319504,8.980066,5.7052746
11.478391,10.154714,11.026655,10.089571,9.848507,7.4600887
10.752066,9.435427,11.124903,11.172924,11.153907,7.6962867
12.270094,11.688328,11.619998,11.300273,11.32595,6.0909953
11.363073,10.977583,11.985417,11.700321,11.092003,6.121074
10.613309,11.306744,10.960151,11.068774,11.037325,4.7058725
11.411108,9.636912,10.728773,11.243378,10.986031,5.395273
11.15387,11.460037,9.489546,10.48139,10.579398,5.9709616
10.846184,9.627136,10.742695,10.252344,9.592383,6.36115
12.035196,9.948829,11.17414,10.563747,10.5536175,5.0016103
11.243085,10.211556,10.685501,10.452852,10.3567505,8.602301
11.087584,11.26111,9.270479,11.835892,11.664699,4.359472
11.606503,9.495053,9.0419445,10.493292,10.802317,7.1698895
11.175618,6.544429,9.781584,10.389611,10.447442,7.991679
12.417679,11.74587,11.594524,11.587482,10.573808,7.1655407
10.817016,9.748531,10.708279,10.785894,8.974597,6.3671474
12.2238035,11.849278,11.219533,11.449116,10.572082,5.3354416
11.375964,10.823956,11.495443,10.093851,9.998241,6.524178
11.393897,10.985572,9.106109,10.534184,8.864266,5.914511
11.819463,11.817707,11.1212,11.795416,11.866027,5.437332
11.59488,11.370795,11.387084,11.035545,11.156693,7.313519
10.311534,11.173364,11.593277,11.137435,11.174763,7.534987
11.316158,8.625944,9.356867,10.802625,10.134533,6.8777685
11.630331,11.842304,11.774942,11.6869135,11.757533,6.8462462
10.827187,9.603751,6.0754547,11.007562,11.096449,7.4730372
10.496307,9.474366,9.967129,10.642395,9.687604,6.419176
10.222009,10.86818,10.469881,8.75536,8.367392,6.3960114
10.481899,11.3769245,11.439583,11.587128,11.504038,6.4882083
12.050487,11.18941,11.598263,10.648226,10.272503,7.550509
9.784436,9.49916,10.806448,9.946408,10.0937195,6.812699
9.412667,9.866906,7.5896616,10.597487,10.641751,8.41706
12.079207,10.982328,11.920992,10.228229,9.3477745,7.1036615
10.354503,10.238157,10.195128,8.271687,8.155584,6.815799
12.066304,9.994394,9.44534,11.6061,11.069126,8.1223
11.1122675,10.7334175,9.313871,9.389038,8.913053,7.114792
10.089362,11.442104,9.865839,9.398205,9.549167,4.7384872
11.033784,11.219394,10.525619,11.151332,11.071967,7.326024
12.216829,11.70267,10.824006,12.534434,12.824577,6.757126
11.018319,10.196884,7.56738,11.472131,11.486295,7.633583
11.510406,11.317995,10.618559,11.531988,9.164225,5.71724
11.2502,9.259299,7.9338007,9.886565,9.96685,7.3005495
10.661629,9.927119,11.332013,11.815978,11.8847475,6.160266
11.381489,11.173254,8.313854,10.995792,10.615004,6.3337445
9.426264,9.340666,8.769687,9.9936075,10.024275,7.952743
11.483636,11.042019,10.866873,10.664841,10.420703,8.933959
10.903552,9.95771,8.64781,9.5131,9.588411,7.1836295
10.948765,12.112896,10.814789,11.716751,11.7887125,3.1313925
11.521495,12.053251,11.442512,10.514643,10.135294,8.357778
10.650911,9.881018,10.518427,11.314874,10.98363,5.6273136
10.942085,11.485364,9.176538,9.732409,9.848791,5.239817
11.977457,11.300208,11.730201,11.398349,10.3761015,8.047946
10.031984,10.666092,10.905483,12.159204,12.453577,8.355621
10.507516,11.381898,11.8071165,10.889273,11.11027,7.056601
9.878078,11.854765,11.216961,10.708168,10.802753,6.9273267
10.16884,9.691778,9.2013645,9.627335,9.326126,8.258834
10.809005,9.8337145,10.6623335,9.212285,9.344909,4.598795
12.821732,11.577717,11.129055,11.17203,10.588578,5.9951134
10.47035,10.246747,10.77693,10.025019,10.224907,7.409358
11.337757,10.979206,11.455788,10.131664,10.082465,6.6516843
10.686373,9.331764,9.782949,10.3001585,9.837201,7.8802996
12.270517,11.642576,12.146997,12.472544,12.251528,7.153099
9.719051,9.966419,9.245957,10.231931,10.490386,3.969236
10.663834,10.5260515,9.159676,10.143987,8.752846,7.7080035
11.268557,9.464491,10.01121,9.823107,9.721963,7.5733786
11.842298,12.055431,10.654792,12.596814,12.28387,8.295894
11.242993,10.830614,10.733842,11.050012,10.5755625,6.3847456
10.6745205,10.899983,10.391053,9.335188,9.578797,8.198506
9.244629,10.047525,10.980153,11.641401,10.871731,6.2417536
12.206927,11.095237,11.371088,11.882733,12.000158,8.089043
9.897315,10.557117,10.552538,10.545863,10.844044,4.822013
10.244895,10.293883,7.3715644,9.219634,8.049074,6.743847
11.548149,11.998419,10.32236,11.947589,11.871847,6.9130125
11.613574,11.306724,8.8917465,10.475921,10.09042,6.1512427
10.880488,10.971628,10.606527,10.888067,10.1314125,4.574404
11.5508795,11.249055,11.975536,9.705379,10.170366,7.1704082
11.823029,11.507718,11.667748,10.83506,9.3825655,5.776508
10.345609,10.327688,11.321153,10.927596,11.095122,7.469413
10.730085,10.200008,10.1411915,10.581683,10.421587,5.1101756
11.910944,11.906708,10.909185,11.746428,11.762104,5.294578
12.074815,10.060797,9.78038,10.140193,9.179794,6.73017
11.321167,10.438866,11.616552,11.586416,11.643692,8.355042
10.453735,11.124535,10.880029,10.703734,10.205815,5.227867
12.276267,10.752668,11.13122,10.014365,9.4672785,6.22672
10.7519245,11.035106,10.616474,10.179013,7.0407476,2.6400769
10.976177,10.014448,11.435978,9.299334,9.557924,5.61475
12.2258005,11.91911,9.3790655,12.291661,12.3299885,7.2056494
12.91532,11.623742,11.350487,10.694265,8.939473,7.9558735
10.151866,8.769891,5.9168406,9.33502,8.334527,7.477785
11.937831,11.916488,11.630529,11.744562,11.571079,7.767175
11.91723,11.746114,11.415398,12.383703,11.21391,7.5046334
9.585701,11.046309,11.009698,10.9097395,10.85149,7.6200705
11.713273,11.159496,11.942974,11.257034,11.238073,7.2309303
10.638551,11.358757,10.860754,11.119105,11.064381,6.078092
11.293676,9.202672,10.63316,10.823544,10.98071,8.501226
11.8155155,10.273539,10.643816,10.605472,10.008949,5.302675
8.480939,10.93214,10.435206,10.679031,10.651951,6.5525184
10.578075,10.790502,9.366159,10.71366,10.672861,7.0419035
10.3725195,11.517869,11.465323,10.998469,10.783066,7.6536
11.710295,10.733695,11.095732,12.24543,11.726277,8.203278
10.822296,10.764399,11.105996,9.914841,9.690247,5.4934974
10.71958,10.882548,10.992236,12.217074,12.3400135,7.2228417
10.864391,10.132409,10.3844185,11.871898,11.90527,7.220625
9.242959,11.771612,12.479011,12.162657,12.469011,7.7891574
10.532179,11.460164,11.383563,11.303278,11.095704,6.464272
11.773391,10.219027,12.203172,11.57626,11.491522,7.5126
9.745398,9.781877,8.607645,10.473357,10.698262,7.996421
11.703729,8.62166,9.369929,9.54188,6.8222857,7.5170116
11.041999,10.9779415,8.503891,11.064765,9.417027,7.59731
10.278829,9.465919,8.458714,9.563717,9.972376,6.961461
10.843967,11.78139,11.036087,10.712289,10.640906,7.6707296
11.159578,10.342681,11.895075,10.716862,9.316463,6.8517504
9.379912,9.004703,10.593813,10.578497,10.463894,6.6771345
10.97659,10.960772,11.768372,11.23111,11.0905075,7.26308
11.638634,8.594878,6.6010447,10.358816,9.589156,6.1296883
11.449164,11.550366,10.57028,11.575845,11.117544,7.1349773
10.815714,11.611941,9.399044,11.030784,10.91567,4.5895557
10.110554,9.122916,9.628185,9.264628,9.953191,4.8866577
11.435796,10.185749,11.628182,11.86454,11.454343,6.304561
10.908665,11.352346,11.380911,9.79369,10.354494,4.3049164
10.618174,10.667514,9.855058,9.287418,8.515554,8.05205
11.151333,11.083807,11.013099,11.841375,10.164914,5.4159966
11.539853,10.859639,8.862103,10.576584,10.537708,7.303554
9.267145,10.579244,8.92128,10.167763,9.610556,7.450492
10.614693,10.331627,7.635416,11.335663,11.368142,4.8936
10.737625,11.035322,10.021657,12.073772,12.111699,3.6050625
11.341748,11.08088,9.717994,11.048235,11.036148,7.2937574
11.652448,12.195986,10.359224,11.857182,11.795887,7.407051
10.171288,11.186667,9.018693,9.99281,9.472342,7.1561465
12.52681,12.242748,11.14681,11.588393,11.483301,7.323974
11.4291525,10.722747,10.465156,8.723165,9.126359,5.286104
10.779635,10.623319,11.437288,10.555959,10.693432,7.8983407
10.430977,10.606783,11.10814,10.999422,11.365955,6.0591283
11.021746,10.81405,10.072541,10.110863,10.250858,2.999438
11.354799,11.487475,11.022779,11.006192,10.97778,7.2619486
12.009007,12.360233,9.5452385,12.535573,12.498925,4.721838
11.404865,10.556132,9.2263,11.260995,10.703709,7.672354
12.016426,10.657543,11.561058,11.005754,9.81794,8.4123125
10.768457,10.220394,11.550207,10.821182,10.024828,8.704624
10.31546,10.8463125,11.256682,9.669462,9.767854,8.92448
10.272294,11.495809,11.841669,11.72263,11.185395,3.0659523
10.902606,11.215544,10.530092,10.894122,11.123576,7.7464194
8.143303,10.337545,10.040401,11.044774,10.500282,4.187515
11.018265,10.156218,8.393014,11.450586,11.110992,7.2320924
11.47241,9.77632,9.409786,11.413668,11.451538,4.142193
11.540159,11.037917,11.734862,10.826172,10.908735,4.6046314
10.952941,9.555668,10.875298,11.181539,11.080222,6.2584634
12.212717,10.660829,10.204107,12.090813,12.093352,6.1559496
11.693672,11.034069,10.335084,11.8196,12.038039,7.652536
8.125933,12.020453,11.273246,12.368127,10.929924,8.046943
11.570565,10.727453,9.6888895,10.700711,10.631102,7.176625
11.616,11.152418,11.4151125,9.937151,4.5637145,3.8272479
11.4183235,8.968411,9.502088,10.637995,10.422683,8.201004
11.288284,11.087757,12.54807,11.535438,11.45788,6.8066635
9.627054,11.398969,6.4021883,10.076179,9.974363,6.1669517
11.476517,10.734551,11.225021,11.261548,10.920034,4.247129
10.903677,9.885844,9.525458,10.8339615,11.158755,7.5718265
11.77429,11.1109,10.391823,11.628834,11.449531,8.307745
9.308805,9.733916,11.220686,10.853317,10.292079,5.1810637
11.632542,10.978195,11.089731,10.50823,10.596482,5.9376583
10.740171,11.1898365,10.683126,11.312253,10.494066,7.75515
12.003611,11.769162,10.961808,9.760069,10.168475,6.2464166
10.693162,10.092489,9.083529,10.994058,10.384969,8.278017
11.5922165,10.060291,11.667786,10.4462805,9.984602,8.258912
11.571927,11.90477,9.958517,10.690007,7.6775627,6.907061
12.269028,11.216718,9.630831,10.800982,10.988926,7.673339
11.852128,12.576697,11.49778,11.521092,11.669741,7.2037435
11.849127,10.506037,10.385269,11.946478,10.458727,6.9929633
10.909515,9.849036,9.606279,9.994421,10.243318,8.852524
11.951976,12.268306,11.01798,11.123395,11.09628,2.9864786
10.977531,10.253478,9.642214,10.540768,9.895406,7.2172217
9.848791,11.101267,11.356815,10.089945,10.096649,6.7412114
10.942145,10.719007,10.364899,11.415842,11.461744,6.328644
12.039598,11.732478,10.758307,11.650162,11.442273,5.19407
10.870217,11.7986765,10.736974,10.420428,10.577282,5.852858
8.651933,11.094249,11.457873,10.930903,10.864252,8.092216
10.38857,10.911016,10.004154,10.960482,10.183848,8.011213
9.6725235,10.335013,8.119528,10.252324,8.8569145,6.825265
10.852287,10.295102,10.119159,10.370426,10.161938,6.828773
10.695555,10.138423,9.995651,10.169919,10.433387,5.209156
12.219741,11.596524,8.9569845,10.54802,9.610121,7.924708
11.937054,11.030467,11.3659935,10.432194,10.43865,8.089069
10.446886,10.503651,10.851425,10.076633,8.940085,7.546073
10.59784,10.276525,10.903806,10.920585,10.789268,7.515925
9.324243,10.195105,10.477281,10.125462,10.14481,8.584515
11.385635,9.638606,9.847875,11.721263,10.784352,6.0723877
12.069317,10.712723,11.248235,11.09289,11.377809,6.2212996
10.590526,9.3856,10.226557,9.600897,9.518979,6.8067236
11.255166,11.55172,10.76626,11.681497,11.579053,7.854306
11.308937,10.940284,11.889108,9.896673,8.277668,7.1896386
11.640485,10.5456,10.526663,9.591837,9.576839,8.015964
11.787114,11.828097,11.265368,10.557322,10.552169,6.594713
12.001736,10.374885,10.39191,12.215257,12.121142,7.811551
10.277714,10.574991,8.6647415,9.360365,6.975136,7.0819855
11.7060995,11.350819,11.903154,12.296524,12.612405,5.455219
11.054615,11.364768,11.28039,11.187646,10.830893,7.333164
10.889007,9.283783,11.806821,9.239894,9.667574,7.607057
11.521061,12.409815,11.895164,11.712219,11.739595,5.1547747
10.669252,10.913679,10.2399235,10.746717,10.924521,7.353286
10.794805,9.907808,11.599304,10.623738,10.887871,6.904848
11.746968,10.836464,10.959866,10.675057,10.556758,8.144785
10.565966,11.59491,11.611049,12.063823,12.093873,8.195572
10.4696865,10.829682,10.168206,9.779023,9.282886,7.476664
11.589188,11.319863,11.218443,11.848411,11.83156,6.340742
10.484731,11.926242,10.860891,12.179342,11.947877,7.951639
12.095799,11.235668,10.814089,10.974495,11.10102,7.5793877
9.68284,11.023184,11.199317,11.019348,11.055573,6.9053764
11.699785,10.487993,10.47929,10.461151,11.001812,7.7523646
12.079245,11.749115,9.6517315,9.418876,8.831138,7.7302938
12.316311,11.630891,11.352636,10.056019,10.108997,7.529606
9.812962,10.494069,9.586706,10.426699,10.0526905,8.714822
10.112099,10.237469,10.050709,11.26653,11.409973,5.6735663
11.810639,9.82744,10.387863,10.319777,9.828828,5.980073
9.467888,11.750145,11.4521475,10.977897,11.447742,5.284684
8.527615,9.9016285,10.282024,10.234928,10.475928,7.327983
10.648929,9.821282,9.988106,11.167784,11.093328,6.9309
11.063497,10.626277,12.030974,11.520691,10.653796,8.482656
9.386068,10.520729,9.815569,10.256535,10.298829,5.7077107
10.638996,10.503751,10.49551,9.835195,9.582156,8.02008
12.070684,10.965398,10.861366,11.900115,12.042984,7.7495756
10.803783,9.283354,9.688768,10.903064,10.630247,7.1307364
9.713516,11.198651,10.789067,11.209938,10.252087,6.297609
11.383571,10.559481,8.908156,11.201741,11.309763,6.3725033
10.177294,10.52771,9.440704,10.747255,10.8224745,7.854811
12.798962,11.557797,12.192171,11.880972,11.471752,7.2586317
9.1272955,10.745336,8.885555,9.960302,8.364684,7.2715425
10.622005,11.085348,11.234702,11.194445,10.343395,5.842436
11.405042,11.005621,10.878346,10.647942,8.893738,6.467019
9.389333,11.184287,9.552286,9.651479,10.31596,6.837268
10.628383,9.480019,11.30888,11.262395,9.316312,3.465278
10.496431,9.503262,10.604426,10.990086,10.982974,6.640118
10.148583,10.48432,8.210376,10.719699,9.422486,7.9081345
11.3548565,10.952362,11.51228,10.355929,10.232302,8.070334
12.013907,10.344226,10.833843,10.860897,10.804454,7.4060907
11.898333,11.330816,11.184748,10.761466,10.749211,7.1493587
12.338311,10.709341,10.9879,8.551547,7.864869,7.894264
12.018522,11.398969,11.75633,10.527935,9.76931,7.6175504
10.39604,11.140867,10.420691,10.7428,9.949896,4.4591665
11.535309,10.978429,11.703368,11.180821,11.38307,6.369217
12.0835085,10.785981,9.528752,11.757892,11.726019,6.9968295
10.960425,9.54561,7.964538,9.874929,9.154305,4.6978498
9.507015,10.448783,10.028534,10.253866,9.975739,6.6775346
11.6362095,11.841196,11.131697,11.696615,11.99192,7.0319633
11.762176,11.302698,12.089844,10.465762,10.133616,6.00124
8.917748,8.910873,8.761477,9.602214,9.697948,6.6199427
11.625952,10.01657,10.156698,12.055857,11.731188,7.7823973
12.335575,11.096611,12.150385,11.4395895,11.35314,7.644141
11.358835,9.484652,9.450562,9.668873,9.485531,7.3726463
10.819522,9.987612,11.114311,11.762318,11.906993,6.0426207
11.110932,10.40618,9.718224,10.053784,9.578867,6.775594
10.633013,10.598733,9.658471,9.9402685,10.745161,7.5128336
12.497829,11.35606,10.404751,11.721915,11.287439,5.5319667
12.286545,11.267808,11.273993,11.142601,11.441748,7.0092287
12.032902,10.959991,11.168475,8.6969,7.2288485,7.7636886
11.387556,10.231176,9.644707,10.991677,11.2406845,5.618655
11.830364,11.63666,11.690759,11.179956,11.488217,6.2539325
11.524543,11.019102,8.376263,10.185986,10.1261215,7.85949
10.879884,11.720684,10.042018,10.769688,10.471286,7.8063636
10.938734,10.570439,9.687495,10.189816,8.487053,5.81176
12.589093,11.167188,11.149043,10.143888,9.30485,6.642291
10.887002,9.34222,8.055435,11.671087,11.459989,7.6959167
11.940356,11.498612,11.424165,10.683786,10.008375,7.1383166
11.727157,10.3340225,12.130577,12.516765,12.456613,7.345256
10.439879,10.720069,9.474493,10.718121,10.426524,7.907327
11.276692,11.808328,11.574521,10.075159,10.402005,6.5159945
8.513866,10.631554,8.861076,9.460553,9.736797,8.631374
11.807465,11.047621,10.151942,10.248837,10.136732,6.952726
11.078835,10.247185,10.233017,10.455373,10.068186,6.465137
7.633107,9.488785,9.611959,10.335852,10.475487,7.6645975
11.334054,12.155338,10.837698,10.836243,10.832619,5.6360116
11.332928,8.081653,10.939826,11.291373,11.217566,6.333603
10.165939,10.509889,11.167988,10.25807,9.341944,7.7157006
8.850187,11.541059,10.459264,9.519401,8.889754,7.1712055
11.949745,10.729967,10.3475685,10.978088,10.941339,7.5012307
11.526689,10.927602,9.864701,11.393166,11.145258,8.457234
8.641418,11.775045,11.223733,10.827161,11.1397915,7.610904
12.841918,12.050754,11.100805,10.606554,10.677092,6.378187
9.774094,10.870719,9.723944,10.983729,11.075494,8.074741
12.045221,11.937433,11.220739,11.859159,11.853024,6.7190375
11.389032,9.885816,9.950819,8.236937,9.378101,6.621434
11.667348,10.531579,10.117317,11.213669,10.847225,5.4405594
10.370063,11.434186,10.424824,11.166474,10.190033,8.001046
11.180672,11.708043,10.70372,11.372666,11.370627,6.9828944
11.344152,11.312313,11.746528,10.839728,10.637296,6.4085836
10.506886,10.055277,10.353518,9.507258,9.546642,7.404455
10.055613,10.30953,9.4983635,10.7116585,10.991201,6.5315266
11.105326,11.396893,10.973588,10.706285,10.738468,7.6632347
8.543208,11.061147,9.820221,10.695975,10.526289,6.9359236
11.080106,11.977958,9.544818,11.416557,11.082378,6.4532733
10.912567,9.836743,11.298835,11.091989,10.770775,5.5908666
10.48645,11.88967,11.471457,12.008419,11.76991,6.30443
12.38338,11.794148,11.170605,10.050344,9.599649,7.720067
11.739216,10.411718,11.721337,10.97575,11.053097,2.1316447
11.10548,9.957047,10.7989645,10.489303,10.578555,5.998581
11.240307,10.257617,11.148674,10.07035,10.019389,8.302611
10.724623,10.745909,10.164387,12.694162,11.975741,8.261194
10.718656,10.510457,9.269234,8.186211,7.3653617,6.922846
11.229705,11.053898,11.339847,10.636824,10.794775,6.644515
10.568417,9.918678,11.67037,11.22359,10.623998,6.4313974
11.848223,12.991881,12.339772,12.015953,12.208537,7.1415524
11.848582,11.690279,12.629755,12.300539,12.702031,5.6235676
9.908407,10.279703,10.399994,10.928778,10.694533,7.229754
10.450329,11.317766,8.49352,11.689139,9.882278,6.9566154
9.747777,11.300655,11.240656,11.997187,11.608285,7.286122
12.469383,12.161642,10.700192,11.810352,11.660662,7.350331
10.363834,12.1726675,11.66363,11.691005,11.518626,6.5257444
10.003198,10.875025,10.2232065,10.376211,10.240304,7.675909
11.847213,11.363594,10.957989,11.534362,11.772861,6.9126444
10.456724,10.716923,11.18833,10.96376,10.83556,8.243257
9.42606,9.672383,11.707524,11.469279,11.257425,6.895174
11.225867,10.576995,11.07473,11.31602,10.803554,5.7673683
10.755823,10.427371,8.932474,10.721943,10.913233,3.4764662
11.216258,11.953097,10.899423,11.414899,10.846136,6.3278203
10.120198,11.183142,11.615158,9.461952,8.759878,4.315194
10.62723,11.358867,8.652933,10.849197,10.96412,5.7045655
10.529863,11.436446,10.501284,11.372467,11.310806,8.406325
11.611326,11.11122,10.36954,11.137452,11.388966,5.8765435
12.06005,10.372364,9.548497,11.370525,11.318445,2.976982
9.549133,10.147132,8.880447,9.453152,9.171912,7.1832757
10.508282,10.022151,9.25202,10.19823,10.649961,7.193307
11.1043215,12.417082,10.497629,9.452984,9.32544,7.144063
10.80326,11.348227,10.244403,11.314844,11.398445,5.6143227
12.153444,10.885875,12.36284,10.800617,10.704368,6.9374185
10.113966,8.783823,10.421395,10.244506,10.571826,7.9220448
11.122145,10.524812,11.519058,11.309652,11.321159,6.998014
10.192581,10.576496,9.406827,9.084525,9.23924,7.3978662
11.384676,10.59779,10.837989,11.890421,11.757629,4.4716654
10.775008,10.314562,9.543726,8.456265,8.316097,6.0729337
11.475451,9.589498,10.938543,10.744815,10.832207,7.9813
11.761662,10.979721,10.841462,10.085304,8.694079,8.427262
11.077362,10.8306675,5.3231535,11.194808,11.250062,6.239276
11.637671,10.774332,11.048573,10.72392,7.9990826,2.4001288
9.882574,10.541604,10.694541,9.4785795,8.803981,7.989805
11.160156,11.202946,10.403303,10.423207,10.543503,9.34965
12.190764,10.643744,10.270469,11.681537,11.585884,4.899232
11.563485,9.577477,10.701426,10.800757,9.865807,6.554041
10.230964,7.6757555,11.066896,10.422528,9.713155,5.6404476
11.454198,10.552583,10.080242,10.712807,8.625562,5.102285
10.051435,10.725623,10.712008,9.340409,9.426329,7.651107
12.195389,11.676921,11.449305,11.3096285,11.483177,5.8040323
11.474437,11.255912,11.084143,11.126986,11.384526,6.030025
9.769825,12.112703,8.704861,11.149467,11.60434,6.2613177
11.560375,10.663471,9.74572,10.8880005,11.021477,7.3838544
12.319885,10.773794,10.810011,10.875611,10.335319,6.8804593
10.892606,11.205922,10.376531,7.6984854,6.4465284,6.503116
11.409872,10.77384,11.092387,11.074323,10.101121,6.0412464
11.620539,11.851928,9.924135,11.327864,11.547839,7.425029
11.484677,10.901379,11.8798895,11.764537,11.574631,6.703284
10.99219,11.600608,10.859417,10.433711,8.740626,6.8578496
9.877318,11.013971,9.569349,10.6151285,9.711367,8.533506
11.170647,10.721426,10.91745,10.124428,10.2583275,6.626665
11.670475,11.094291,12.019473,10.843296,10.214434,7.4241085
11.229167,9.871846,9.711716,11.13905,9.549879,8.077589
10.498457,9.954041,11.993947,10.383331,10.600845,5.8914657
9.290181,10.477074,10.654108,11.235512,11.440977,6.1617374
12.260298,11.438127,10.191296,10.307693,10.356585,7.8788767
11.668398,10.856943,11.566078,11.633116,11.805409,8.411422
11.394779,11.57566,10.3242,9.803637,9.835465,6.564163
10.402111,10.652534,10.282649,10.684991,10.752844,8.099857
11.162022,12.529304,10.715281,12.052469,12.1774025,6.900201
11.205675,10.751614,10.558027,12.217997,11.936522,8.192699
11.680425,12.243313,11.353813,12.037668,11.617039,3.9662466
11.7091055,10.922604,9.247124,10.559493,10.578075,5.7084093
11.178053,11.433092,10.39674,10.39759,8.511948,7.237127
11.113966,10.620286,11.935423,12.029396,10.932004,7.655162
10.782194,10.418518,10.163024,10.661349,10.762747,5.908395
11.141932,10.182759,11.544422,11.268044,11.742508,6.0061126
11.79572,10.454326,10.419144,11.496275,11.478937,6.483199
9.388113,10.642659,10.705245,11.267821,11.065683,6.8402414
11.835192,10.999459,10.628967,11.234882,11.583145,4.9923754
9.878107,9.951024,10.287534,12.065372,11.950847,7.76215
11.215575,10.287773,11.052265,9.768352,9.838225,6.126011
10.953489,11.073971,10.876506,10.474337,10.047739,6.5866857
10.125468,9.837531,10.160983,10.875818,9.2345085,7.497516
8.815865,10.780016,10.3389,11.44412,11.373924,8.062103
11.724975,10.520625,9.264992,10.7564,10.241599,6.30912
10.7312,10.015572,10.5406475,10.198936,10.102926,7.44676
10.147052,8.250457,9.7164345,10.966204,10.970428,7.3586082
11.216427,9.971029,9.594397,11.348337,11.412905,7.9814997
9.711794,9.846807,6.826026,9.303673,8.959616,8.475904
10.475998,9.082116,9.143795,10.821298,10.71159,7.337062
9.256324,9.123143,9.846766,9.158507,9.434215,4.8151197
10.690246,11.182568,10.814638,10.054735,10.168037,6.690898
11.477406,10.929494,10.071487,11.787146,11.502813,8.022863
12.138848,11.024161,11.294951,11.514829,11.721117,7.0531616
11.2114935,11.430432,11.396899,9.687897,9.945499,8.338757
10.018836,9.71799,9.420675,10.202917,10.034399,5.6367493
10.940289,11.197868,9.185881,9.094753,8.986347,7.709752
11.11953,10.887689,10.665509,10.612658,10.441883,8.585179
11.447941,10.7599945,10.682506,11.156164,11.542952,7.06602
12.340484,11.83209,10.758972,11.315248,11.106724,6.138397
11.37966,11.919499,11.078711,10.669193,10.8579,6.669938
10.456778,10.994585,9.809339,10.393136,10.779498,6.139332
10.485319,10.626709,10.808238,10.411054,10.795944,5.936993
10.755015,10.377443,9.593526,9.957557,8.466176,6.934313
10.3289,7.571141,9.590233,10.240979,10.753506,7.7139163
11.031406,11.214733,10.608315,11.375962,11.566536,5.832801
10.890691,11.481762,10.65339,10.879257,10.971425,7.220348
9.741954,11.500567,10.569033,10.871158,10.781309,7.3797255
10.732014,10.4257555,11.615704,11.433577,10.777909,6.9988832
10.793837,10.219866,10.275408,10.566212,10.50775,7.4260106
11.724227,9.21154,10.60483,11.693153,11.72599,7.6828804
11.55593,11.3005295,10.494243,11.045553,10.544295,5.0546193
9.850329,9.909161,10.615652,10.818197,10.612593,6.4995055
10.347759,11.688032,11.091663,11.253747,10.847668,6.452677
10.889762,10.210572,8.995738,9.790742,9.698009,6.094099
9.88115,10.129375,11.046962,10.962607,10.802194,4.685848
10.940296,7.494529,9.546835,10.699036,10.562538,3.8437545
10.875054,9.813676,11.213463,11.617243,11.3688135,8.072951
11.084344,11.43397,9.808808,9.994889,10.214091,5.6848316
10.744723,11.598177,10.346805,11.421429,10.706235,7.3536706
11.98219,11.650079,10.53366,11.614788,11.424004,7.624476
11.200536,10.328779,10.759702,11.574868,11.890507,6.7045016
10.8361025,10.9732065,12.130218,11.906343,11.5968275,7.6415234
11.651194,11.29116,11.732986,11.406755,10.97624,7.064936
10.13044,7.999529,10.307041,10.066547,9.418293,6.892096
10.292143,12.162096,10.991611,11.203939,11.3786125,5.657425
10.803676,10.31206,7.7749963,9.422641,10.347812,6.786112
11.259991,11.593708,10.431427,11.7578,11.618921,7.712388
11.893993,9.33968,10.677305,10.908092,11.078122,7.964834
10.471303,11.420788,11.666749,11.319634,11.461411,7.8244376
11.392074,9.950564,11.058718,9.806405,9.44047,7.6671247
11.354734,11.422935,10.460418,10.456795,10.91264,6.730589
11.194977,9.534242,6.670162,10.357969,9.63806,7.1790113
11.272521,10.162827,9.470591,9.79331,7.7850018,6.0956783
10.753482,10.949402,11.108295,10.665599,10.053477,7.5678453
10.655304,10.331838,11.26213,11.200725,10.872085,7.2598834
12.110339,10.735096,11.558527,11.188912,10.111725,7.281632
9.208539,11.716124,12.411902,11.49899,11.482782,7.9540524
11.115605,11.029688,9.607482,9.887323,9.838831,4.5990624
9.927687,11.250052,10.007524,10.817012,10.348656,5.541737
11.583966,9.877696,10.125549,10.673467,10.560647,7.6793003
10.799712,11.690689,10.985324,10.856591,10.531853,7.721587
11.755814,11.279973,10.840769,12.013893,11.862953,5.8605533
11.801731,11.443438,12.068552,10.674292,10.258724,8.824052
11.055289,11.063007,8.977233,10.587772,9.675545,6.6858993
11.277434,10.680951,9.113798,11.845146,9.100578,7.123749
11.15005,11.826497,10.444369,10.262896,10.304581,7.704976
11.329731,9.810236,10.762097,10.615399,10.5457535,4.3551526
11.525962,10.36463,11.080072,12.121607,12.078848,6.4952507
11.317027,10.261314,10.934911,10.292208,10.264953,7.7348614
10.172138,9.318867,8.679898,10.791697,9.612763,7.60838
10.457849,10.717006,9.0357685,9.735221,9.60997,6.09121
10.341428,10.195219,10.760276,10.229725,10.138931,5.852403
10.383711,9.162423,9.7638645,9.59727,9.82017,3.656652
10.72405,11.793795,10.334345,10.655796,10.796257,8.369869
10.929344,10.851193,9.096672,10.238012,10.371306,7.9703865
11.123338,11.1640835,10.82498,10.762197,9.671941,7.715162
10.546781,10.309044,9.970824,10.298746,9.522299,5.864119
10.931016,11.094591,10.25902,11.197428,11.292585,7.1552653
11.689581,12.468824,12.026853,11.802634,11.8596,8.559313
12.048887,12.029444,8.572302,11.375265,10.941772,6.65035
10.236549,10.182249,10.571986,9.909972,9.218583,7.6304035
11.737664,9.186182,10.240592,10.657177,10.136817,5.7555346
11.885339,10.079263,11.051009,11.399405,11.266018,6.781328
11.562283,11.699766,11.925972,11.951264,11.980141,6.435257
10.962837,10.824969,10.4476185,8.56491,9.199326,6.880631
10.691363,9.411624,9.933351,9.96955,9.753536,8.3053465
9.296479,9.691057,11.213256,11.283071,11.463706,7.5740943
10.491387,11.273151,7.417463,10.371189,10.24951,5.7587442
11.885174,11.270023,10.014541,11.351371,11.469603,7.8747296
11.216123,11.197254,7.477802,11.497059,10.431268,7.201093
8.360437,10.832837,9.325157,11.590238,11.6743555,7.757001
11.8317795,11.4835415,9.716191,10.358513,10.272546,7.4655247
12.528986,12.353941,10.338655,10.698324,10.249833,6.9102216
11.388818,10.72517,7.90783,10.722873,11.124893,8.501151
11.047676,11.433103,9.724363,11.180885,11.622393,6.4158125
10.689334,10.4942,11.607661,10.897524,10.735688,5.9937572
12.132376,11.76539,11.229865,11.129799,10.578359,7.364597
11.507994,9.708865,9.092126,10.396252,10.540314,6.877887
11.89042,12.032355,11.973229,11.609693,11.79191,5.0213346
11.475525,12.002623,9.885069,10.141258,9.223044,8.03655
11.700649,12.077547,7.4254484,11.626917,11.675755,3.7669635
11.2010565,10.932073,11.201536,11.05734,11.060104,7.063278
10.516332,11.340435,10.61036,11.424338,11.234537,8.766038
11.693604,10.7455,11.056076,11.383621,10.233387,7.4963207
11.009718,11.253156,10.420932,10.343457,10.186458,7.313492
8.68169,10.092254,7.893754,11.321546,11.112435,7.0918765
9.561119,10.890952,9.7347555,11.030278,11.38326,7.6424346
10.463498,10.693829,9.471566,10.927873,10.850207,4.0417733
10.806784,10.896669,11.002081,10.673603,10.5160675,7.7943096
10.37053,10.230745,10.134875,9.687602,10.047564,7.2261834
10.2377615,10.913769,10.915805,12.160052,12.341652,7.6599145
10.739155,9.866422,9.60095,9.51846,10.146048,8.301737
11.440796,12.045317,9.860348,10.066298,9.351578,6.806463
9.565142,10.9693775,8.437488,10.524521,10.527289,6.7946615
10.658044,11.11544,10.165902,9.526923,9.309065,5.835704
11.781907,11.452049,11.041668,11.321435,10.500268,6.1931186
10.12431,11.310342,10.82908,11.323894,10.796339,7.9228654
11.669537,10.436335,9.664147,11.106865,11.053033,7.589411
10.536184,10.413227,10.731485,10.911305,9.648511,5.440956
9.676786,12.075278,9.874444,10.908018,9.738781,8.166456
11.464682,10.176458,10.99863,11.337431,11.005571,7.647129
10.93911,10.033815,11.495228,10.90697,11.002438,7.0123997
9.192775,9.701657,10.734785,11.363462,10.693342,7.498711
11.83822,10.952059,7.8537626,12.189229,11.870362,8.399327
10.269091,10.2313595,11.418602,11.206626,11.498369,7.9804444
10.851955,9.633932,10.411898,10.235094,10.657546,7.3740535
11.162134,10.408121,9.562196,11.289381,10.90062,6.0445304
7.913772,11.327281,10.438039,12.313242,10.679334,7.8663034
11.84418,12.297716,10.828369,10.213549,10.168352,6.9146943
11.419643,12.263937,11.901848,11.108222,10.696124,7.87834
12.036409,11.147317,11.020575,12.2836895,11.372359,6.8728065
11.4835825,11.616496,11.142558,10.642326,10.894628,5.138914
10.656477,9.433294,9.874602,10.89593,10.499521,5.3088517
8.289412,11.798243,8.736916,10.386433,10.517148,5.6744356
10.66597,11.254543,10.211472,10.942687,9.124176,7.117934
11.32064,10.399063,10.34,11.024937,10.656689,7.121374
11.816195,10.973759,10.559969,10.677063,10.322145,5.3311496
12.371212,11.386395,12.105168,12.269043,12.197011,4.91081
10.472912,9.300968,9.5865135,10.864229,10.738701,8.232642
10.326379,10.088953,9.803251,10.139968,9.938236,6.5427833
7.7408442,10.573999,10.187611,11.061251,11.2422695,4.751722
10.627549,11.727994,11.410894,11.221489,9.587847,3.730619
12.244131,12.26598,11.1219425,11.685684,11.304539,7.5595984
11.171403,11.516349,10.85947,11.0114155,10.382748,8.06353
11.88221,11.142301,10.44888,11.370907,11.388237,7.485752
10.445317,11.535066,10.980819,11.504824,11.386353,5.1990376
10.961792,10.789951,11.205385,11.376286,11.006071,6.696044
11.081766,11.125624,11.132948,11.623793,11.779715,8.031903
10.879157,11.344343,9.568348,9.926661,9.051208,7.6244936
9.536889,6.941229,8.920086,9.131637,9.070083,7.4663982
10.420927,11.65417,10.054859,9.632479,8.923949,7.2150807
11.744606,10.875441,11.133817,10.715385,10.746268,6.43791
10.67838,10.6199665,10.88934,10.588734,10.644405,2.7798836
11.264154,11.421981,11.959448,11.945179,11.884136,7.1939573
9.8108835,11.203301,10.964987,11.605327,11.672762,7.660398
11.961492,11.095701,10.147567,11.04499,11.725898,6.420616
9.504916,9.275496,11.393527,10.426957,10.182531,3.8916867
10.920638,10.426835,10.189472,10.142785,9.942387,6.834553
9.934394,9.750448,8.251828,7.61147,5.8858604,6.181388
9.762869,10.431669,10.839482,10.903917,11.168882,6.8075285
11.210183,9.89453,10.27456,10.251582,9.409952,7.6962166
10.55781,10.966899,9.751642,10.458011,9.383305,7.6499853
10.316444,12.16645,11.070547,9.69394,10.29191,8.152937
10.8459,10.917775,11.014884,12.095155,12.043386,5.5297647
11.556803,10.497769,10.465803,11.343655,11.367001,6.331051
10.902664,10.404764,10.729801,10.515062,10.656779,7.349073
11.501436,9.92956,11.892147,11.539785,11.495601,7.276518
10.685421,11.357752,10.392973,11.240157,11.062724,7.7748547
10.476357,10.532257,10.783346,10.50361,10.356447,7.3799753
10.197852,11.43911,9.457858,11.600839,11.951432,6.9738717
11.856486,11.010751,12.603087,10.531904,10.426218,6.9901505
10.984713,11.334753,11.087034,10.111434,10.305391,8.403105
12.130073,11.408578,10.571928,11.561222,11.438526,7.2674603
10.823275,10.102487,11.718647,10.782645,10.246952,5.659293
11.790405,11.263133,11.021009,10.637804,10.7210045,6.60048
9.983831,10.694799,8.110594,11.949265,11.753487,8.542956
10.960779,9.959004,10.513788,11.48156,11.479731,7.042367
11.415988,10.516596,9.890425,11.354122,11.309243,7.1038175
10.953348,11.539941,10.324717,9.436995,8.819844,4.5079126
10.421309,10.7787285,10.913769,11.525246,11.63549,6.7215714
11.393061,11.37542,12.026564,10.029887,9.872254,6.541601
11.131266,12.387535,11.616576,11.154697,11.60531,6.234668
12.42097,11.581202,10.409429,12.032032,11.032694,5.780338
10.440097,10.65717,9.386562,9.358945,9.411577,6.467203
11.504447,11.524074,10.291587,10.817825,9.876487,4.8098383
11.692545,11.4438505,11.975358,10.769111,10.812908,8.031334
11.653609,11.469497,11.05243,11.314795,10.625767,7.0827694
11.778428,11.519636,10.663361,10.124665,9.344998,7.693618
9.448228,9.038219,9.457956,9.937887,9.939642,7.8314857
11.356984,10.139208,11.085191,11.019729,10.604848,6.4127274
10.722666,10.34175,10.002465,9.845529,9.81957,7.1157117
11.283997,10.815311,12.101224,11.257902,11.466426,7.5522203
11.259462,12.685609,11.749724,12.2617655,10.337353,7.874671
12.160678,11.079416,11.41986,12.193207,11.813127,6.594616
11.878874,11.808101,12.597649,11.931829,12.071853,7.5671535
11.317283,11.5020485,10.295484,10.776522,9.64962,7.025483
11.242627,10.992848,8.776873,11.388305,10.172599,5.353223
8.715465,11.410582,9.91724,10.517917,10.72362,7.9275193
8.81683,10.079435,8.985032,8.880044,7.762662,4.7427926
11.297742,11.21388,11.904285,11.453311,10.944648,3.6181555
12.651382,11.050341,11.876999,12.681739,12.645689,6.5969467
11.113726,12.007916,10.98615,10.89977,10.985086,4.8695617
11.084819,8.950559,12.534477,10.9950695,10.338211,6.3046255
11.466747,10.2702465,10.91359,11.053622,11.238424,4.094391
10.94135,11.760859,10.198468,10.964312,10.473916,7.0875106
11.369302,10.630659,9.839977,10.946489,10.996448,5.8468866
11.281984,11.819933,9.069614,11.277936,11.174232,8.326296
10.445546,10.470147,10.857878,10.432692,9.776608,7.2943997
11.283444,9.628275,10.77717,10.927923,10.773349,8.068191
11.352745,9.563988,10.285201,10.603193,10.964191,8.132176
10.072603,10.629157,10.523645,10.850893,10.888053,3.3216302
10.587368,10.374043,9.537351,11.471445,11.3332615,7.494803
10.949116,10.837548,9.288998,10.49205,10.596537,6.624407
10.110381,10.0751,10.879585,11.301146,11.129988,7.1441026
10.936553,11.377439,9.760833,9.423962,8.925441,6.605571
12.0046625,11.18571,11.692442,12.134871,12.216001,7.285471
10.025062,11.134515,10.647127,11.565279,11.443389,6.142694
11.056461,9.246241,8.714897,10.723839,10.38394,6.3990297
9.916384,12.123859,11.905177,12.5341835,11.294714,6.6906185
8.977972,10.368181,11.758992,11.5893135,10.52352,6.3776965
10.655176,10.918602,11.206536,10.888563,10.950777,5.9194508
9.571844,9.834012,11.108462,8.717233,8.901147,8.129963
10.980111,10.301853,11.0253935,11.17376,10.577133,6.1557975
11.168934,11.000702,11.771636,11.191699,11.076928,3.684426
11.637083,10.957037,11.460097,11.201461,11.340023,5.511678
11.517343,11.560223,11.6088915,10.552637,10.018673,7.985343
12.231073,9.681565,11.592185,10.7259,10.835531,7.051858
10.421607,11.533877,10.521366,10.929993,10.736261,4.0288363
9.49397,10.217954,10.485814,10.789636,10.823358,6.407019
12.006827,9.286315,11.155544,11.807439,11.841727,8.020801
11.467905,11.267139,10.132725,12.212028,12.147295,7.655877
10.569522,10.0388,9.966467,10.687903,10.812185,6.5096
9.46934,11.504236,9.963944,11.503432,11.402451,6.9376903
12.559364,11.411079,11.638775,12.289782,11.143517,5.652649
11.665125,12.014853,10.0912485,10.613541,10.572319,5.8509383
12.36839,11.238065,10.872287,10.218083,10.059029,6.13121
10.167928,10.179912,9.895687,10.882811,9.902133,7.8443627
11.807992,11.386452,10.586282,11.140823,9.60134,7.9388075
10.874193,11.568484,10.362607,9.201157,10.265959,2.9234204
12.537565,11.892201,11.397902,10.911536,10.7348175,7.5471544
12.452041,11.697528,12.091564,12.303302,11.141727,5.801831
10.02836,11.447465,9.326002,10.325487,8.8660145,5.0724354
12.1217785,10.303938,7.896678,10.834595,10.943071,6.46947
11.444036,10.118579,10.809325,11.330959,11.264485,6.7798977
10.457015,10.49383,10.783372,10.4451475,10.429606,8.497899
11.82176,11.969099,10.447867,10.611346,10.578074,6.5054154
11.407194,10.156496,9.8391,10.412759,7.5840936,6.8215117
10.4690895,9.595477,10.2446785,9.639668,9.50627,4.8471165
12.3565235,11.765476,10.63136,12.4900875,11.8446865,5.4205317
10.30086,9.114693,8.717337,9.944823,9.490648,6.652838
10.883741,11.446089,8.594637,11.662418,11.414158,7.6069527
9.963633,10.792144,11.254319,10.574766,10.566988,7.7301426
11.013418,10.650315,11.200481,10.179828,10.09454,6.9114056
10.312348,11.940111,11.837909,10.626918,10.160744,4.8344545
11.557142,11.603516,9.602746,11.576313,10.824857,5.825417
10.860635,10.011486,10.065108,9.688164,9.066115,6.434535
10.904939,11.666261,10.733697,10.4772215,10.076441,6.304009
12.7203865,11.1921425,11.277378,12.033325,12.296818,6.934888
9.824587,11.693954,10.499902,10.85559,10.904971,8.018778
10.172736,10.702806,9.15114,10.486341,10.446265,3.6707582
10.854018,11.11861,8.332083,10.602903,10.782314,7.2570105
11.548069,11.5481205,10.384841,11.480374,11.36079,5.03645
10.3734045,9.72171,8.958647,9.873658,9.770458,5.4514055
9.864117,10.158541,7.1842012,9.152438,9.564786,2.8451533
10.867224,10.212587,9.825561,10.186628,9.996897,7.503057
11.300332,11.581272,11.214531,11.123513,9.09498,6.5328417
10.200053,11.223761,9.669202,10.049896,9.820247,6.216357
10.614963,11.455307,9.361497,10.859009,10.985037,2.7881439
11.135041,10.037943,10.288243,10.705781,10.603644,7.3368893
11.580235,10.25972,10.637586,11.201971,10.40635,6.9667616
10.196489,9.891655,10.7036295,10.779022,10.737336,7.8132143
11.014309,11.756923,10.896077,10.278796,10.49887,5.6648507
11.718229,11.278386,11.0139675,11.592143,11.08105,7.7227535
9.443335,10.103933,10.513576,11.715245,11.656142,6.833206
11.363826,10.054523,10.642993,11.103258,10.372022,6.483287
11.670218,11.15721,10.893963,10.594553,9.913892,7.451565
11.788736,9.903005,10.313426,7.6670065,7.732706,7.21764
11.0424795,9.507402,7.3416767,10.930419,10.36448,7.4223366
11.911538,11.810062,9.027503,9.86807,9.882265,7.306985
11.969767,11.367626,10.704077,11.388687,10.700183,6.2661815
10.874621,12.025876,11.29616,11.285052,8.286534,8.40616
9.793737,10.319804,8.686403,10.894161,10.880939,7.6097403
11.472072,12.039861,11.3576355,10.859871,10.255786,8.075289
8.662981,10.776952,10.318775,9.921511,10.102352,7.185126
11.005463,11.432645,10.737689,10.421544,9.277553,6.4984403
11.213896,11.129701,8.81675,11.381336,11.539788,6.460018
10.338923,11.671179,9.00435,11.150348,11.086417,5.0159636
10.661141,10.162546,10.218715,11.086687,11.231948,6.345059
10.236,10.852775,9.3636875,10.802253,10.922746,7.905918
11.319712,11.249773,11.569066,11.136323,10.210251,7.4962716
10.338033,10.55314,11.138647,11.23233,10.591735,4.4022107
9.785211,7.733572,11.015083,8.844365,8.65355,7.8109965
10.1290245,11.221763,10.379326,10.708321,10.756111,5.127436
10.586755,11.307125,10.560868,11.262529,11.269987,7.061427
11.942134,10.382625,11.499332,9.345275,8.983902,6.3039694
11.169782,11.303395,9.256223,9.635699,10.347493,2.9592433
11.430414,11.383804,11.346162,10.54301,10.40721,7.209635
11.979068,10.789928,10.803581,9.999754,10.43041,3.6212175
11.391467,10.618717,11.209446,11.808155,11.330308,7.4726415
12.429521,11.770957,11.04648,12.910858,12.819351,8.326373
10.655079,9.571344,10.274825,9.65724,9.471005,5.3163824
10.337783,9.204926,9.81436,10.181429,10.154017,8.699836
10.402396,10.571368,8.739202,11.666356,11.651137,6.636155
10.677654,11.170121,11.0128,11.682478,11.379614,7.7073045
10.664057,9.875026,10.187951,9.756353,9.992217,6.404853
11.977555,11.003845,9.551885,11.186487,10.520755,7.799634
11.502987,11.566012,11.199099,11.887634,12.179481,5.884743
10.932657,10.776087,9.829725,10.545105,10.713367,5.613788
10.95224,11.798064,11.608985,9.997821,10.6476345,6.0996046
9.789193,10.646304,10.840101,9.138844,8.645947,8.3652
10.925334,11.214583,11.520754,12.477376,12.215883,6.8318243
11.036825,11.176293,10.498192,11.764683,11.639194,6.031269
9.333257,10.123162,9.515879,10.254978,8.518122,8.465016
9.683636,10.0498295,10.500882,10.562863,10.035963,7.5058975
10.884154,10.080582,10.804322,10.16058,10.30551,6.1647706
12.194442,11.505584,11.484783,11.96647,11.952894,7.7376633
10.370745,11.193839,10.75949,11.122132,10.817138,7.179801
12.169916,11.754567,11.752985,11.011654,10.939059,7.3054457
12.762064,11.62332,11.541843,11.826961,11.959366,7.5644836
9.92259,9.70984,10.397485,9.931207,9.72178,5.8876743
10.54699,10.452709,9.805018,11.210026,9.970504,8.040758
10.736813,10.238584,11.329934,9.457577,8.907125,6.631793
11.500625,10.76142,11.27149,10.322767,8.447978,3.217731
10.508465,10.348104,11.123292,11.061965,10.95352,3.692539
11.523931,10.685722,10.894123,10.664716,10.650912,7.8002744
12.390406,10.67236,11.460106,10.854271,11.057188,8.252802
11.256499,11.571118,11.465496,12.277644,12.175783,6.1179614
11.080261,10.054103,9.4224415,11.343431,11.110416,7.956529
8.765065,9.7529,11.473862,11.264715,11.275699,7.8801246
9.6915455,11.900854,9.525145,10.790568,10.665154,7.1789246
9.156498,10.861924,7.6924095,9.64954,10.067518,7.546135
13.811159,13.551624,9.819066,12.68125,10.892286,6.7322426
11.493395,9.7516985,10.668271,9.306943,10.278077,8.45138
10.452154,10.852161,10.679096,10.931479,10.824751,7.2179065
11.321302,10.279093,11.042371,11.146818,9.916288,8.649569
11.129739,12.609554,9.711771,11.699946,11.3867235,7.1564484
8.784769,10.639954,9.306084,11.352735,11.582872,5.898547
12.661138,12.059678,10.588139,10.418016,10.268786,7.4595923
9.969014,11.570142,12.603933,11.187239,11.261967,8.211273
10.457747,11.989875,10.811403,10.970759,10.871115,8.499415
9.983622,9.962562,11.271475,10.740428,10.479987,7.0960026
7.7300677,9.769597,10.346023,9.241175,9.812042,5.6617556
10.664944,10.893921,9.078747,11.673753,11.561263,8.188047
10.083044,10.771976,9.846295,11.647914,11.792801,3.5328698
10.641814,11.361726,10.7073765,11.34765,11.236516,5.502968
10.470697,10.837277,11.27001,10.045052,10.025675,7.408668
10.452395,10.168882,10.171081,11.19342,11.493572,7.867215
10.099901,10.984628,10.276373,10.412679,10.519885,8.124944
12.337789,11.367405,9.794562,12.412764,12.530706,5.2644243
9.499694,10.561346,11.130782,11.458507,11.476112,8.364142
6.8092546,9.391179,10.302844,10.294593,9.538111,6.5315886
10.777716,10.498945,9.448838,9.649435,10.74546,7.7779865
11.578817,10.514607,11.097956,10.991183,10.466244,4.5891347
10.094243,10.463455,10.382307,11.379902,11.482256,8.281883
9.695444,10.917102,11.57419,11.006744,10.533545,4.2270665
12.286755,11.307459,11.378056,12.111916,10.068282,5.121152
11.945721,10.97708,9.333609,10.407358,9.363554,6.4282007
10.927926,10.560759,8.48822,8.363764,8.178838,6.536175
8.45231,10.484635,11.385035,10.753958,11.049673,7.873727
11.058242,10.61566,11.261249,10.668322,10.241997,8.009561
11.7526455,10.470433,11.3987,9.980787,9.13503,7.0778375
11.262821,11.534697,11.110347,9.97203,10.682901,7.118176
10.930151,11.643824,10.956205,10.920048,11.295884,7.7048984
9.906408,10.474017,8.617254,9.95813,9.103884,6.0187616
10.240102,11.254783,10.578913,10.309801,10.170338,8.158048
11.928724,10.557376,9.553093,12.130643,11.418216,5.2383285
11.167197,11.040842,10.088177,11.540718,10.936722,8.01631
10.578692,12.463921,11.786263,11.968325,10.861736,7.7955585
12.53217,11.916682,11.778429,10.06191,10.128082,7.6977453
10.141138,10.546892,12.058429,10.915204,10.635486,7.3609033
11.469915,11.512344,11.287335,10.59837,9.657556,6.2047358
10.287914,11.584677,11.136236,10.847227,10.923061,5.9372883
10.700016,9.533313,9.946584,10.982384,10.95668,6.555702
9.760744,10.569898,12.130464,10.213075,10.533106,8.266025
11.279643,10.858541,10.815735,12.096241,11.428261,5.916512
10.399053,9.67351,10.393148,10.763831,10.517315,7.8113484
11.878043,11.769497,10.047292,10.86068,9.641784,3.5666397
10.617569,11.7194605,11.199808,11.577047,10.892445,8.606188
11.695679,11.294933,11.827924,11.01154,10.915055,5.587778
9.961139,9.8618765,11.605683,11.494905,11.118572,7.931016
12.629238,12.450882,10.579711,12.012409,11.570748,8.308592
11.965748,10.110243,10.891255,10.351409,10.778279,2.1340785
11.11152,11.492676,9.943913,11.470804,11.547444,5.9462724
11.79673,10.124242,10.364039,10.308956,10.204024,6.6247883
12.098037,11.747941,11.691221,10.934007,11.244636,7.0778794
11.2167635,12.340933,10.82074,11.591954,11.652133,6.481537
11.968752,11.057256,10.914751,10.629994,10.9525385,7.738827
11.75868,11.752516,11.534447,11.457658,10.468226,7.2752066
10.873877,10.372065,8.955163,10.158532,8.84076,8.503945
9.966875,11.283468,8.918948,10.208286,10.25507,7.5987864
11.471331,11.22269,11.222642,11.4595375,11.304123,6.4150743
11.916809,10.861006,11.288052,11.849724,11.241973,7.859841
11.637851,13.206099,11.915348,11.391523,8.556637,6.8190184
10.847599,9.937225,9.594941,10.690964,8.654157,6.538457
11.519447,10.453717,8.289237,10.246439,10.664774,8.715955
12.608771,11.7587185,12.0704365,12.085854,11.627073,6.786095
11.894451,11.453566,10.34163,10.717444,10.692154,8.245944
11.155573,9.051419,10.670184,10.91348,10.881212,8.193114
10.950274,8.555286,9.339874,8.8841095,8.8280115,6.97441
9.304147,11.801657,11.276739,9.96232,9.893445,7.0611715
12.229025,10.580862,11.898197,12.104307,11.827265,7.879159
10.646792,8.797586,6.786328,11.089855,10.849131,3.973755
10.9805765,11.409832,11.194117,10.380351,9.847701,6.053684
10.379456,9.920361,10.565892,10.399135,10.409874,7.154075
10.684339,11.002096,9.681437,9.753597,9.8411665,5.6691384
11.307766,11.943302,9.721666,11.673232,11.793264,4.0754337
10.643852,10.823618,10.440313,10.153175,10.122585,6.782346
11.707821,12.7705765,12.3553095,10.548176,10.378231,7.7430983
10.894556,11.337698,7.3319025,11.795312,9.119938,7.93195
8.262328,10.895896,11.204108,9.817749,9.252167,4.93992
11.194411,8.9535055,10.3287735,11.722361,11.942548,5.412793
10.779327,10.792758,9.469918,10.006648,10.03469,4.952128
8.556427,9.757576,7.979143,10.900372,10.953396,6.4592695
10.389606,7.6631455,9.510733,11.083789,11.060529,7.896143
11.020323,10.468967,8.900852,11.643217,10.786072,7.393344
10.456847,11.511068,10.351537,10.520584,9.186527,7.5770617
11.092895,10.970785,11.478674,10.314422,9.556284,7.9117184
11.459626,11.176743,10.4608555,9.881797,9.746704,6.6578174
11.065819,10.755489,10.945814,11.264065,11.161034,7.2460756
11.213179,11.804914,11.950554,10.984829,10.417871,6.360012
11.023964,11.21196,8.88015,10.513452,10.3898535,8.253709
11.69601,10.910213,11.085452,10.443222,10.487754,7.675233
11.774308,10.706533,11.584969,10.705823,10.570128,7.501025
11.236359,10.619009,10.836916,12.206609,10.618569,7.9804287
11.024445,9.464001,11.845518,11.486377,10.982209,8.162053
9.890379,10.213006,10.784875,12.014425,9.847119,4.426007
9.130337,10.244847,8.730023,9.4923935,9.564027,6.8209724
10.783681,9.88469,8.498719,10.005984,10.20402,6.2984786
9.416485,11.09545,10.891412,11.397498,11.403023,8.509953
10.807109,10.971253,9.815,11.359201,9.735621,8.02797
11.459374,9.761139,9.012488,9.99932,9.843502,5.3735433
11.806362,10.982379,11.800371,8.4794,8.9596405,8.0991535
9.970527,10.256183,10.931899,9.7881565,8.791877,7.551646
11.2968445,10.636814,10.949515,11.8808,11.3532715,8.328161
11.50313,11.888476,10.358304,11.9412,10.460988,5.6866355
11.015617,9.818416,10.128051,10.647278,10.664933,3.738502
10.659595,11.488049,10.131275,11.792269,11.135462,6.721795
13.047547,10.93054,10.548125,10.828032,11.20863,6.8863063
12.02498,11.457767,10.523233,10.695323,10.314428,6.0074167
11.905338,11.078005,10.752662,11.421211,11.110028,6.874143
12.35446,10.586666,12.3335905,11.640281,10.12209,7.6313057
12.284728,11.467421,10.84807,11.068464,10.753855,7.2335577
11.63493,10.016807,10.613232,11.173382,10.76645,6.5757275
8.167776,11.586897,9.6834955,10.989002,10.589119,6.8170705
11.093081,10.076664,10.421349,10.112372,10.279254,5.9211917
10.398721,10.154926,11.017221,9.841002,9.386665,7.2905817
10.505987,9.682734,9.783115,10.688103,10.8584175,7.044812
12.174202,9.422829,8.696238,11.158778,10.471172,6.865123
11.027293,11.313036,11.106152,11.5917225,11.603083,7.848055
12.453292,11.761402,9.415049,11.680589,11.187132,5.287844
11.30502,11.095247,10.472102,9.961185,10.319208,6.301372
11.566746,11.28607,10.182378,10.927825,11.531875,7.679054
10.262777,10.907819,11.091699,10.784258,10.44598,6.508988
11.126526,11.450677,10.683721,11.018293,10.6652975,5.2453885
10.909338,10.815653,10.083046,10.663319,10.536601,7.0308943
11.15508,11.6736765,10.214993,11.495438,10.94474,7.23813
11.127124,11.410804,11.838922,12.130411,11.973251,7.747842
10.269391,10.106715,10.479797,9.692043,9.889604,5.891304
10.763104,10.871535,11.202702,11.39269,11.89192,8.012868
11.808819,11.838612,10.93062,11.271214,9.812396,4.071666
11.529186,12.045514,12.000442,12.001384,12.166046,5.892087
10.094128,10.992546,11.562001,10.514447,9.1598625,4.530147
10.747085,9.688266,10.722945,9.994321,9.219385,7.064475
10.792986,9.114365,9.430993,11.085253,11.145062,7.261551
11.636896,9.308317,10.275743,8.721212,8.584659,7.833744
10.901552,10.824326,11.72044,11.070426,10.996615,6.774008
11.224712,11.596146,11.67991,11.01466,11.00786,7.971285
12.097852,11.50766,10.86462,10.711231,10.530909,6.048131
12.0170965,11.956667,10.278432,12.0447235,12.188556,6.4608245
11.210089,10.333546,11.150921,11.02917,10.262607,7.7249374
12.406491,11.423052,11.033524,10.697189,10.625359,6.01342
11.565134,11.078167,11.757934,9.517555,10.197791,2.5424955
10.6350155,9.702604,10.506126,8.066468,6.3950615,6.535498
10.183975,11.314227,10.792767,11.255808,11.214248,8.416771
10.095015,11.040687,11.00155,11.27384,10.747858,8.221602
11.074822,10.255361,10.52591,9.361664,8.490385,8.390002
11.199854,11.973931,12.262614,10.245735,9.965935,6.0041456
10.659908,11.641889,10.501474,11.968996,11.958813,8.209581
10.747089,12.301981,10.872044,11.769371,10.467224,7.614191
10.338105,9.440963,10.121261,10.905639,10.637221,7.1251287
10.49287,9.889047,11.216344,8.950118,9.0074625,7.21599
11.483189,10.83982,10.109418,10.017354,10.035834,4.115871
10.435685,11.921188,11.086778,11.916185,11.008419,7.5895376
10.228584,10.332968,10.818333,9.979478,10.5916815,6.6378174
11.065246,10.894952,9.578895,10.371541,10.344142,5.7361593
12.198165,11.52953,11.902011,11.708692,11.780542,8.171752
12.2001295,11.849952,9.099675,11.601276,11.565878,4.30694
11.821599,10.704124,9.850809,11.345045,11.289795,5.0205264
10.69934,10.809678,11.310293,10.160677,8.773076,8.284372
9.271244,10.771076,9.801955,7.6882296,8.741786,7.065745
9.976702,9.513938,10.773035,8.223949,8.733326,8.170286
9.858556,10.011797,10.75726,10.78561,10.790812,6.049794
12.422826,11.576916,9.794807,11.882814,10.58542,6.846719
11.349082,10.237972,10.887291,10.515215,10.155977,3.038049
11.359432,9.7426405,10.6348915,11.48708,11.494192,3.6010792
8.892805,11.682056,11.19208,9.863977,9.966247,3.5859203
10.348113,10.158052,10.59555,11.092238,11.160332,7.2363625
10.5696945,10.37917,11.654155,10.9474535,11.161039,6.1968665
11.010151,11.623228,10.912529,11.42567,10.871154,5.348484
9.567209,9.949973,10.904732,10.124473,10.284326,7.464521
11.767662,10.58612,11.290825,12.01329,10.85208,7.5795937
10.927076,10.941923,10.924557,9.772687,8.883902,7.4190207
8.009717,9.185908,10.639393,9.252862,6.582487,6.2458096
11.433192,11.211845,10.607233,10.745779,9.539974,6.5474644
10.741309,10.747206,9.681169,11.176499,11.272231,7.6219225
9.189555,10.048323,9.774101,10.492502,10.257203,6.0741405
11.38493,11.090342,11.593733,10.29675,9.9240885,6.782855
10.162142,9.943637,10.554041,11.221775,10.955695,5.6833687
11.5440035,11.108266,10.2631445,10.049236,10.353584,4.0359483
9.0700865,10.884576,11.413097,8.820535,9.412666,7.2532535
11.324605,10.491339,8.964848,10.610275,10.781587,6.9878273
10.2692,10.947392,11.850567,9.98224,9.945858,6.8049965
10.685505,10.517533,11.2266865,11.013614,11.059984,7.16327
12.205749,12.97876,11.69776,11.981064,11.836563,5.2161775
11.385004,11.257371,8.444926,9.931557,9.81112,6.611934
10.098071,10.252749,12.0629225,10.445965,9.098398,7.3732767
10.812081,10.364755,10.014553,11.1267605,11.59711,5.3376346
11.552535,10.972194,9.8700485,11.417079,11.129953,7.4720573
12.493431,10.612424,9.929622,11.464544,11.168336,8.802342
11.927799,11.186899,10.90482,10.857929,10.92413,8.534228
11.385285,10.692872,8.763739,10.492347,9.843727,4.615966
10.859318,9.875582,11.770265,10.719419,10.718063,7.7754664
10.442095,10.24389,10.008617,10.186544,8.573535,7.2124543
11.962409,10.608225,11.008472,11.731494,11.54809,3.6122754
10.384931,11.934605,11.485936,11.301343,10.560105,7.1954093
10.512894,9.339367,9.799059,8.810051,8.9047165,5.119633
11.465191,11.575089,10.883495,10.087513,9.817394,6.9788537
10.825678,11.819003,11.418449,11.928074,11.827674,7.62169
10.935151,10.265029,10.940575,9.758476,9.525988,4.69291
10.572102,11.959372,11.514843,10.39602,10.656114,5.6477885
11.366498,10.9826,12.11923,11.642343,11.305764,7.910964
10.83339,9.4462805,10.272594,10.176615,10.307325,7.8968935
10.0481205,8.75414,8.241058,10.946759,10.245568,6.741432
10.33622,11.048191,11.641188,10.720739,10.706142,6.111977
10.053841,8.306692,9.229243,11.017586,10.964901,6.422009
10.382935,10.280659,10.591333,9.1897955,9.745305,7.415479
10.872408,11.741384,11.460598,11.230764,11.295467,8.72203
9.726358,10.7098055,10.4670105,11.406813,10.948631,6.1695633
7.2796555,11.256916,11.455481,11.965294,11.099415,5.9975786
11.772335,8.86262,10.902794,9.693105,10.151215,6.2889514
11.0791855,10.372182,9.732609,11.670962,11.246076,6.559434
11.473559,11.257704,11.1092415,10.212385,10.237039,4.235141
12.498375,12.118145,11.00666,11.615929,11.62257,7.6318345
9.175503,9.067668,9.246129,8.119901,8.105103,7.856507
9.942775,9.99925,10.4686365,11.11976,11.0293045,7.067199
10.036734,11.368439,11.097825,10.343773,9.708973,5.6022553
10.886971,9.898793,10.258317,10.881762,10.386298,6.4667997
11.307905,11.57273,12.364251,12.174437,12.083101,8.3679285
9.8060875,8.769833,10.15705,10.874724,10.1138935,7.2006555
11.275635,10.949532,11.327672,11.703646,11.20419,7.684909
11.493107,10.14305,11.244873,11.451713,10.950508,6.5424337
11.55631,11.447039,11.736892,10.797317,9.914761,4.283374
11.37146,9.510018,10.915963,12.3076105,11.617256,5.855054
10.591003,9.537207,9.952072,10.125431,10.564777,6.42735
11.061909,9.913768,11.21743,10.496422,10.45612,8.018345
10.384708,11.314682,10.966248,11.027101,10.783997,2.9859333
10.174158,9.922497,10.21152,10.314133,9.416404,5.962341
9.809136,11.084917,10.848549,11.014897,11.35194,7.990609
12.0797205,11.105138,11.453134,11.444529,10.440409,7.530845
11.425337,10.761946,10.467691,11.1405735,10.826771,5.83415
10.660901,11.706192,8.387927,10.347958,10.392722,3.9352977
11.735023,11.929308,8.688486,9.698061,9.870438,7.3302426
11.774933,10.869832,11.037214,10.74338,10.916142,6.4545674
11.323444,11.201803,11.954055,12.020955,12.182438,7.5688157
7.43814,9.687161,10.163102,9.90835,9.928442,4.6302423
11.302326,11.625484,9.903324,10.320018,10.026716,5.715354
10.232576,9.086133,10.2642,11.405633,11.343554,6.115366
9.247803,10.598717,10.956374,10.233583,10.225923,7.706999
8.516524,11.471086,8.690092,11.198217,11.000258,5.6683197
11.678011,11.337381,10.541846,10.417998,9.583059,5.56108
11.973399,12.211063,12.824561,11.850155,11.167043,6.026964
11.402977,10.986681,10.473355,10.497178,10.247964,4.7950726
11.796223,11.408301,10.873148,11.750173,11.742369,6.768322
11.46365,12.014812,10.828876,10.562406,10.623686,7.755397
10.701803,10.383009,10.657175,11.338739,11.31364,7.18035
11.412455,10.792965,11.509966,9.896108,9.514204,7.299444
11.367555,10.082457,9.235563,8.303854,8.621658,8.013655
12.85804,13.218952,11.661582,11.817787,11.849721,8.831354
11.4726515,11.039513,8.17759,10.982901,11.15527,7.4650984
10.452032,10.944056,11.134868,10.136076,8.833603,7.3926644
11.422226,10.711121,11.086617,9.554153,9.515886,4.154466
11.156012,10.210627,10.074313,11.161124,10.930876,6.1332946
10.926912,10.556081,10.390395,10.913143,10.721315,6.1715226
11.9337,11.380767,9.54339,10.407914,9.347396,7.0574865
12.279873,10.758528,10.956277,11.807537,11.8673725,7.886423
7.829105,10.546842,9.588507,10.165742,9.818984,4.4118853
10.894373,11.1779,11.334224,10.526308,11.086749,7.1102867
12.185925,10.667394,11.425972,10.829692,10.363853,6.857726
10.504856,6.823294,9.925425,9.745775,9.449067,3.961619
11.042883,11.566037,6.6590023,10.73008,10.05387,7.267913
10.516046,11.874762,11.267793,11.241697,11.373526,7.3111563
10.681574,11.766712,8.393462,11.282644,9.010987,7.817986
10.313705,9.736149,10.816843,10.272138,9.81741,4.763373
11.666163,9.968545,10.466151,10.264113,8.447513,5.8367815
10.357637,10.767823,11.559866,10.239585,10.103658,6.3351903
9.297276,10.280162,7.181047,9.079466,9.164945,7.3344975
10.545148,11.136131,8.929637,11.065933,10.984772,5.246025
9.70033,9.542387,9.377473,10.21402,9.830735,5.8132014
11.166706,10.735455,10.177305,10.100753,9.699917,7.096549
9.2523985,11.673053,10.909555,11.840519,11.776672,6.316476
12.028736,11.297888,11.298153,11.28204,11.109816,4.8211403
10.26745,11.132458,9.872895,11.087388,10.602987,7.5919514
11.133354,9.731793,10.147659,8.462625,8.82483,4.248414
12.4480915,11.468853,11.650043,10.810815,10.233776,7.7153335
10.803432,10.667102,11.148915,11.112491,11.1858015,7.9374104
10.063589,10.567076,10.575663,10.351534,10.023787,3.9078515
11.181431,10.230385,11.442103,10.082242,10.045519,6.978958
11.011732,10.514191,10.6264925,11.396869,11.389294,7.686655
11.375995,10.710002,11.15732,10.827612,10.933861,7.6708727
9.1697855,9.79438,10.367851,10.137462,9.81042,7.354844
10.822688,8.5314,10.848399,10.070486,10.051602,7.8171005
12.639385,11.345523,11.566026,11.813383,11.453391,4.9573956
12.063356,11.027427,11.248104,10.788479,9.968419,8.138334
10.20064,10.15402,8.536755,11.277232,11.010459,7.3071465
10.705855,11.107567,10.834011,10.8644905,10.475359,7.3048897
10.570822,10.882776,10.544256,10.851147,10.487572,6.858679
11.04461,10.84371,8.778126,8.356653,8.814288,7.3366
11.969367,12.057173,11.255755,11.380379,11.367622,4.8667135
10.718209,8.8594675,11.098538,9.906366,9.239285,7.731965
11.976952,12.177047,10.29952,11.664734,10.328008,6.104016
10.899974,10.529891,10.59176,10.73774,8.917972,5.557619
12.030031,9.897528,10.319605,10.014725,9.999025,7.387983
12.136618,11.267762,12.537827,11.382799,10.877111,6.5714397
10.855127,10.811444,10.297648,10.281907,8.844646,7.6671143
12.19779,11.120763,10.952957,11.474206,11.582003,6.276448
10.754479,9.647978,10.115739,11.269714,11.579864,7.0524783
10.653832,11.278736,11.764038,10.73773,9.547145,8.932419
8.490373,11.848482,10.383716,11.280394,10.360986,6.290038
10.726579,10.928362,10.668741,11.013305,9.913942,7.2416506
11.462014,10.236547,10.898213,9.769837,9.364998,8.5392275
11.617424,11.373849,10.220296,11.632878,11.559236,5.029672
11.612603,11.369042,9.838865,9.587495,9.280938,7.807163
11.790751,11.444551,10.818948,10.420545,9.118241,5.5334487
10.629657,10.450029,11.083088,8.97782,6.430146,8.010503
9.72464,10.177882,9.7120075,9.9188,9.731208,4.6955614
11.063072,10.353455,11.335537,10.654859,10.604913,4.7984324
11.463928,11.279589,8.390217,11.559363,11.527354,7.2958117
11.021001,11.793718,11.631223,10.7213745,10.956612,8.793172
11.701359,10.249531,10.732645,8.74168,8.750485,7.41392
11.803248,11.845624,11.693617,12.035782,12.125466,7.52275
10.588237,9.382494,8.92224,10.362749,9.889526,7.979371
11.567346,10.1060295,10.585546,9.495794,9.518721,6.7052765
12.403629,11.481513,10.550112,11.134444,11.359622,5.7995334
10.086557,10.633571,9.348598,11.401731,11.506433,7.051167
9.854664,11.381813,10.504391,11.351828,10.888601,7.120556
11.841249,9.339811,9.619314,10.962659,10.960373,6.2342343
10.750898,10.346565,9.944385,11.033087,10.929697,6.261169
11.0437155,10.6487255,10.775342,10.352543,10.498694,7.869254
11.936701,11.026828,9.908911,9.892938,10.001077,5.505596
9.251854,10.812918,10.227255,10.673614,9.565094,7.3021607
7.551603,8.95955,6.44561,9.94397,9.325012,5.99297
10.65788,10.88037,11.119316,10.973896,9.158652,7.564841
10.704825,11.574661,11.746139,10.108651,10.35529,8.7000265
12.508089,12.020843,11.31095,12.635423,12.705955,7.4744678
10.004253,10.026313,9.931464,8.207345,8.098385,5.7227597
11.606656,12.106251,11.626211,10.923815,10.578212,7.177144
11.244365,10.531029,10.041733,11.461742,9.729882,5.1827693
11.538544,8.882096,10.548737,12.970235,13.031517,7.563035
10.85219,10.392762,9.670348,10.128974,10.477251,7.7742987
11.81983,10.711303,10.241068,10.473525,10.419115,7.6984415
9.46327,10.269485,9.270551,10.802155,9.8064995,7.6206694
6.1086183,11.098344,10.151727,10.212924,9.273017,7.835539
11.905041,11.691423,11.380783,11.037813,10.966248,7.736509
9.646579,11.670795,11.804132,11.701193,11.739738,7.5396214
9.768182,11.280804,11.213399,11.775107,11.607584,6.945057
10.606024,11.182159,10.577843,8.783881,7.742515,4.5107937
11.765576,10.650042,10.115817,10.55253,10.636013,7.7768793
11.118358,9.914667,10.11982,10.621826,10.079211,7.8705564
12.07947,11.7243595,12.157446,11.355367,11.288039,5.0268025
8.541522,10.659149,9.307432,10.772905,8.253816,8.429513
7.9310646,10.05759,9.729986,8.222719,8.619474,8.354339
11.850155,10.593626,11.585704,9.655603,9.811709,7.3347087
9.156142,9.957693,7.029732,9.839002,9.572456,7.529031
10.961216,11.831783,11.047564,10.471901,10.425626,6.7591524
8.219822,10.747905,8.241426,10.323079,10.03002,6.017214
10.652684,9.865129,10.024399,11.253114,9.898214,6.9634724
11.616727,9.976834,10.358444,7.9615765,6.2738647,8.334812
9.035356,10.330323,7.7200584,8.857292,8.247368,5.038625
10.790453,8.892098,10.885475,8.859533,9.1588,6.3560953
12.066501,11.02117,10.973233,11.904618,11.851449,5.874831
11.146539,11.448448,9.589577,11.213189,11.149197,5.8341494
11.738178,10.36701,10.761593,11.276387,11.223622,7.49117
10.057571,11.845406,10.884098,9.74449,9.932536,6.4032035
10.077774,11.405997,10.307022,11.955266,11.740038,6.3329086
10.923908,12.566301,12.26875,12.189902,11.936612,7.9372067
11.327811,11.010049,9.605001,11.781943,11.612289,6.1518707
11.111159,10.218485,9.3305855,11.678537,11.549448,7.5770283
11.591043,11.7611,10.459877,12.03862,11.56044,7.008177
10.977444,11.196869,10.07662,11.205113,11.068318,7.9127636
12.798882,10.857285,12.582428,11.127917,10.528795,6.7852073
10.307468,7.89594,4.9467688,9.52029,9.419146,5.5535192
11.637432,12.040993,9.545803,11.344702,11.443887,7.7723074
11.7855835,11.786719,11.185092,11.048441,10.912097,5.2579947
11.868229,10.614478,11.470386,10.879754,11.321681,7.100808
8.893885,11.227593,10.512976,11.240854,11.260103,7.2261744
13.072804,11.616268,12.057854,11.538397,11.456598,6.409008
12.153128,12.560014,10.294333,12.252931,10.298705,3.255715
10.0808325,7.0578976,9.650954,10.516464,10.220818,7.4280353
11.71336,11.313333,11.944312,12.392864,11.659871,6.619677
10.313495,9.602433,9.286375,9.200701,8.629763,6.4435854
11.122139,10.950715,11.011747,10.275193,10.386254,8.209178
9.276708,10.957041,8.416355,10.938417,11.033761,8.166551
9.94935,10.593338,11.707886,11.895678,11.994123,5.6117167
10.13763,11.46152,11.620583,9.513138,6.9921904,6.7813177
10.532658,10.4556055,10.84624,11.004933,10.964283,6.3351
10.302607,11.771931,9.230585,11.585878,10.773453,7.5291348
10.148146,9.635434,10.232661,10.817728,10.791889,6.6991587
11.630498,11.203493,8.522985,9.844866,10.233603,5.576732
10.451103,11.405846,11.269816,11.998455,11.910377,8.731331
10.370561,11.929094,11.449772,10.648271,10.861495,7.593687
11.796184,11.110893,10.22564,11.2056,10.779335,4.561274
11.108054,11.143424,8.8178005,10.012899,8.368764,7.079719
9.649044,8.536947,10.175787,10.567415,10.703882,7.860527
10.453264,9.220957,8.206389,9.320423,8.358557,7.4077296
11.354215,9.460085,11.4799385,9.758819,9.53266,6.603203
11.718435,10.628929,10.010323,11.313723,11.331311,6.291483
11.60303,10.659751,9.936658,11.125136,11.027803,3.9261625
11.373823,10.825352,10.712481,11.748215,11.770379,7.5748115
11.076991,9.76822,10.715533,10.565359,10.107405,5.7298613
11.178204,11.8055,10.607915,11.671791,11.531301,6.2571626
10.915754,9.70475,9.880657,9.827793,9.856202,7.5032225
10.479805,11.229849,11.492796,10.344418,10.500207,6.718924
11.313521,9.394983,10.606618,9.922327,6.659423,7.5127583
10.44933,10.044176,9.635242,10.4394045,10.503024,7.251938
12.189926,11.187092,12.167581,11.814924,11.436613,8.448132
10.102032,9.616412,10.164557,10.309271,10.108015,6.191699
10.712867,10.555818,7.7405057,8.591968,9.67393,5.391232
11.359867,11.016951,10.351125,11.345113,11.270532,7.765285
11.600008,8.969754,8.500942,9.911496,9.881727,8.330877
10.692776,9.644157,10.562862,8.730831,7.9361334,8.583814
10.145799,11.212028,11.015092,11.610313,11.667409,7.2264442
11.6115885,11.751307,10.95442,10.4704685,10.389299,6.6415987
10.28977,11.227076,9.23734,11.580447,11.386749,8.259688
11.369314,11.468126,11.70089,11.688115,10.656416,7.0209465
9.666118,10.839906,10.522701,10.656604,9.512987,7.569929
9.899706,10.26862,10.421761,8.494663,8.587536,8.057479
10.700618,10.703721,10.2234,11.037112,11.027121,7.1583266
11.2933655,12.057541,10.506837,9.995423,10.139388,6.115292
11.53689,11.222144,10.104957,10.237773,8.856929,6.3446913
7.202057,10.428274,10.257223,10.957821,10.450218,6.0533247
11.343667,12.009112,10.910368,11.121297,11.231,7.6203723
11.302941,12.496042,10.727419,9.841599,10.260932,5.6719403
7.5204887,9.578048,7.2636566,9.958008,9.081963,6.5441327
10.535349,10.541424,9.760153,10.429284,10.197623,8.042254
10.218283,11.19315,10.732734,10.542986,10.638721,7.5046687
10.49321,9.837517,9.330608,10.25714,9.998136,6.140517
10.455033,11.477846,9.903568,10.016117,10.108907,7.5393806
8.666368,10.446621,11.217002,9.814608,9.897903,5.2020197
11.917024,10.004894,10.800779,10.928553,9.411733,8.310135
11.712543,10.594363,11.322493,11.483343,11.454218,5.2489276
10.882874,11.042541,12.096899,9.886165,9.193659,6.541791
10.964536,10.758105,11.095441,10.292509,10.303131,8.38094
9.923869,10.727453,9.092253,10.2149315,10.173126,7.579323
8.689254,9.8031845,11.148557,11.316891,11.577059,7.6871204
11.733765,11.706842,10.662453,10.786099,8.550274,7.603586
10.680675,10.657007,11.191305,10.919902,10.50768,8.47659
8.8647785,10.296808,10.1493225,10.216761,9.505458,8.210596
11.182614,9.743747,11.249504,12.196885,12.410178,6.384192
10.722556,11.52272,12.240992,10.549058,10.067025,2.9657214
11.59895,11.731168,10.115335,11.724881,11.253211,7.774679
9.910744,9.277943,9.844503,11.671583,11.783828,5.707417
10.978062,10.828762,11.229865,9.217071,9.544434,5.6451116
10.996166,10.953864,10.51049,9.628772,9.588453,6.4962926
11.631758,10.642223,11.249209,11.021096,11.153156,6.6677327
12.453951,10.428108,11.344267,10.226522,10.246485,8.187401
11.995558,10.458813,9.441022,10.614479,10.089862,5.7992535
10.874242,11.447086,11.31155,11.779125,10.803248,7.422528
10.366149,10.419786,11.074468,11.003629,11.543447,5.6377707
11.028887,10.565895,10.061127,11.549238,11.264456,5.38747
11.237224,11.383228,9.351203,12.037017,11.611491,5.436819
10.994778,11.665381,9.641402,10.63261,10.339443,6.1322093
12.616346,10.458333,11.342634,10.641516,10.712549,8.574804
11.162325,11.4096365,12.172442,11.36908,11.073736,7.8177114
11.052636,11.420753,10.017559,10.710674,10.702858,7.878651
11.68822,8.605172,11.50247,11.165423,10.506185,7.612742
10.82884,9.822772,10.895541,10.884814,10.97887,7.066204
11.402608,11.295071,10.634107,10.795619,10.895573,6.7809114
9.4842415,11.222171,11.471696,10.701297,8.920307,6.8459272
11.908291,11.138671,10.491152,10.835554,10.457698,7.362705
11.873828,12.282602,9.904615,10.649961,10.855959,5.7948747
10.773925,11.108826,10.23826,10.51037,10.865853,8.224884
10.278826,10.585729,11.491682,10.543423,10.300285,4.584841
11.351973,11.099691,9.71861,9.678932,8.732805,6.182551
9.614921,10.658191,10.390075,10.263108,10.512158,6.7416945
12.100314,11.592248,10.784121,12.027275,11.010988,6.8943186
11.112417,9.832938,11.546185,11.681401,11.733154,3.4782996
11.223913,10.615146,11.146803,10.8445015,10.56959,5.765685
11.458042,11.851515,9.3676605,12.08414,12.1385,7.0129566
11.117804,11.228063,9.171917,9.450649,9.352264,6.150678
12.561258,10.8172655,7.3722467,9.3276005,9.995697,6.0930243
11.125246,10.30347,11.308034,11.010014,11.016813,7.8067408
11.522566,11.280478,9.965802,10.053906,10.731983,6.7528896
11.203559,9.319626,11.82307,9.965274,9.863097,7.0397563
11.676269,10.63828,10.819043,10.246226,9.91567,7.461178
12.021183,11.278082,10.738143,11.202143,11.149237,7.3685064
11.487572,11.683808,10.925873,10.94191,11.241009,6.819435
11.906502,11.454516,11.246614,11.173198,10.199858,6.6825495
11.937894,10.145298,9.816946,9.818552,10.402038,7.714368
11.962181,10.784177,10.741846,11.303833,11.170698,7.625812
10.97238,10.766097,8.292307,10.891787,10.841677,7.357693
9.59144,10.625355,10.721161,9.143919,9.004478,5.855032
10.810354,11.452029,11.1959715,11.327115,10.736644,6.2121687
11.316706,9.1475315,10.038874,10.2569,10.072202,8.458213
10.71248,12.185575,11.582198,11.719889,9.188159,3.955125
11.852132,11.401928,11.425341,9.221507,9.245982,7.839829
11.282088,11.99214,12.4076395,11.042801,11.030219,7.18775
9.235535,8.832173,10.588004,10.062027,9.6402235,5.1786256
11.650632,11.796218,10.794458,11.765326,9.83396,6.857234
12.002426,11.447856,12.514521,11.22245,9.24373,7.837944
11.243954,10.149459,10.186033,10.649713,10.964967,5.1774254
10.051115,11.251599,9.87738,10.722736,9.240726,7.5556316
10.630909,11.053547,10.355075,8.808262,8.503313,8.382711
12.102125,11.221409,11.372026,10.027753,8.769137,8.891821
12.000112,11.732063,10.102304,11.83682,12.123599,3.434597
10.9303255,10.344325,10.940108,11.345072,11.525966,7.618234
10.040197,11.086668,12.102878,8.521635,9.3188095,3.2411668
10.597375,9.643287,8.167431,10.1884775,8.898596,6.6103945
9.744197,9.109578,9.095878,9.81926,10.000458,5.6271434
10.491665,11.460639,10.456106,9.958436,10.111559,7.638507
10.650383,11.225619,7.9449778,10.737934,10.47219,5.8698964
10.426342,10.225154,10.052991,10.654711,10.674866,5.79547
10.579877,10.412556,10.528749,10.861748,10.875475,2.0674746
11.355298,11.216005,11.072724,11.121248,11.0052805,7.431259
11.884476,11.613938,11.7956295,11.250206,11.468198,7.907525
12.791458,12.385021,11.442274,12.554026,12.173457,4.1947675
12.408439,11.461081,9.622294,8.145437,7.688145,6.3362737
11.085953,11.129276,9.73702,10.261338,10.4663315,6.797878
11.710503,11.871904,11.972317,11.805596,10.392615,5.7774353
10.416493,11.363967,10.593313,11.331086,11.020714,7.445228
10.131669,10.842022,9.222336,11.551763,11.370636,4.204376
10.479038,10.038659,9.577158,8.347662,6.684596,7.218669
11.528713,11.068161,9.12196,10.72035,9.755869,6.8788333
11.681435,9.927351,10.908602,11.724801,10.7260685,7.1379213
10.666123,11.220534,9.402032,11.830942,12.18875,8.101095
11.775599,10.674069,12.153928,10.454027,9.741386,8.033536
9.127441,10.198756,10.033315,10.540703,10.161378,5.937935
11.60968,10.969174,10.694137,12.091068,10.602492,7.369727
11.135475,10.114509,11.326066,9.874076,9.118576,5.4585824
10.895184,10.877565,9.173298,10.371946,10.229782,6.3471146
11.274746,10.582426,10.291148,10.377979,10.451976,6.49192
8.68226,10.350477,10.509184,9.508492,9.560544,7.868123
10.803344,11.464291,10.943417,10.992414,10.5721245,7.1601405
10.673424,11.936661,12.180708,12.106821,11.9644575,6.5276756
10.544865,10.795925,8.4623375,11.479807,11.707288,7.901439
11.374028,10.971235,11.3412895,10.787922,10.239735,5.564963
10.567565,12.007748,11.22676,10.708401,10.243298,4.6530814
12.842001,11.435906,11.507849,11.60714,11.397832,4.318107
6.568746,11.016165,10.013164,11.952766,11.054538,7.039974
10.840253,10.429953,10.733626,11.037544,10.881173,7.4786234
9.716109,9.161144,8.988853,10.000096,6.551702,6.942789
12.720192,11.436073,9.591063,11.72553,11.557585,7.554694
11.47134,10.752117,10.440058,9.12498,10.075252,6.146466
10.979226,11.450213,9.536411,10.519367,10.59127,5.762014
10.479438,10.917641,10.954866,11.361613,11.373361,6.80063
11.662441,10.347136,11.196809,12.235436,12.251716,6.613582
12.789467,11.320371,12.410921,11.448904,11.195612,5.4666533
11.986263,10.203193,10.949656,10.689148,11.285732,7.7455792
11.013359,11.835739,9.400379,10.866192,10.65861,6.0165243
12.095942,11.257811,10.856979,11.991354,11.995282,5.019676
11.521639,11.241655,11.600208,11.038267,10.352035,6.6629906
11.716419,9.089134,9.664087,11.518975,11.487001,7.99488
11.830825,12.068225,10.5757675,11.280361,11.259187,7.6999784
10.602971,9.755242,9.244885,9.736886,9.9521265,7.063648
11.480801,11.255757,9.856225,11.527296,11.451971,7.202774
11.79368,10.486262,9.614801,11.615712,11.588981,6.7679405
9.450382,10.544334,10.877239,10.725073,10.64765,4.6651354
10.003496,11.835118,11.407933,10.797596,10.896065,7.640403
11.57831,10.266076,10.862074,11.094796,11.203549,5.1573453
11.415976,10.569957,9.522936,9.737633,8.988743,5.7325687
12.707233,11.8613615,12.129506,12.008285,11.440468,5.3491635
11.580001,12.201149,8.076704,11.800586,11.775196,7.678705
10.639806,10.895187,9.110496,10.332435,9.982723,6.9186754
11.769144,11.276957,11.652065,10.974337,11.322035,6.0194373
11.291094,11.663845,10.799934,10.59652,10.030823,7.01388
10.945497,11.166845,10.243307,12.296527,12.447605,6.3794775
10.852634,8.929373,9.57514,10.923993,10.846383,6.505168
10.532508,10.025511,11.755354,10.316393,10.153354,5.2667446
10.366538,11.901771,10.438012,10.863902,10.842879,5.485496
9.611279,10.598579,10.571598,10.696646,10.540513,7.9004693
9.978327,9.18243,8.996744,10.350489,9.830099,6.878459
11.392603,10.926401,11.407629,10.657474,10.320082,6.584514
10.941378,10.906197,10.52899,10.106196,10.354425,8.7054405
12.13319,12.559095,11.3109,10.01009,10.012623,7.7511153
11.390528,11.273242,10.97412,11.448918,10.973265,7.015282
10.625276,11.460669,8.651717,10.824586,11.175329,5.9776697
10.611382,11.452761,11.34576,11.642446,11.541414,7.3845105
10.827392,10.994444,11.696372,11.019442,10.75878,6.273335
10.159164,11.281265,8.565818,10.4738,10.658893,6.2143793
11.13133,9.437592,11.317342,11.085815,10.875659,7.9504585
9.801384,10.453791,10.360956,11.693188,9.793891,8.032729
10.3681965,10.247288,10.916253,10.684864,10.53989,6.3480015
10.875393,10.816384,12.553526,12.342111,12.377817,3.9741225
10.0476055,9.276799,10.840257,10.441878,10.307405,7.0393343
10.216559,11.207978,10.825547,11.364621,11.169483,6.6294947
9.880642,10.094208,8.117828,11.121653,10.702871,7.295554
11.139677,10.495378,9.000309,10.178009,10.039041,6.100033
10.645102,10.896669,10.828928,10.167411,10.319313,7.814292
10.824677,10.293598,8.881534,10.331987,10.204622,7.798089
10.369395,10.998601,9.664865,9.72085,9.910344,5.9111485
10.938903,9.988172,9.13361,9.904629,7.328792,8.319364
12.095317,11.1830435,10.549712,10.898856,10.818025,7.656899
12.020753,11.825379,11.251128,11.025448,10.235562,6.973594
11.545715,11.983047,11.338134,10.758359,10.745018,8.026501
11.111966,11.730053,11.006282,10.6439295,8.539885,7.1216445
10.031563,11.397938,10.536118,8.32284,7.77632,6.726452
11.209971,11.092403,10.660189,11.744568,11.818337,7.159635
10.902024,10.40449,10.549065,8.959142,9.216525,7.1278424
11.234419,11.903378,10.402506,10.731523,10.507719,4.492366
10.672368,10.29013,10.611562,10.364995,9.936626,5.2081075
11.072566,10.729325,10.563376,11.089614,10.992965,6.7098327
10.2590475,10.498196,10.82969,10.782346,10.631465,7.4344482
10.376115,11.006669,11.532147,10.4026785,10.344574,7.876928
11.6791,11.599168,11.337733,10.475976,10.537935,6.497079
11.371452,11.459974,9.276196,11.099269,11.09196,7.024416
12.116623,10.765149,11.551097,9.962612,9.718472,8.619767
11.001627,10.877784,11.323982,11.763309,11.791046,7.5210276
11.339667,11.234446,10.748622,10.709606,9.321539,4.942467
10.044642,10.757163,8.049,10.55739,10.279825,7.251016
11.277888,10.485655,9.748707,11.144725,11.014106,7.383298
11.433508,10.75871,11.854507,11.078827,11.095754,7.8361697
11.033914,11.428669,11.898806,10.894541,10.938011,7.616438
11.233899,11.168728,11.020279,10.732086,10.304012,4.6645594
11.764353,11.440405,11.512287,10.896545,10.749576,7.5979357
12.615655,11.6433735,11.291233,11.346719,9.812725,6.345454
10.149902,9.280062,8.359802,10.171533,10.269037,7.6350617
10.319008,11.216174,7.871703,9.975576,7.377779,7.4905005
10.881317,8.957353,10.575552,10.3834915,10.432726,7.811357
8.1287565,11.530895,9.517223,11.44972,11.526536,6.8010187
11.946066,11.046483,10.3446665,10.88495,8.92378,6.0544543
10.6251,9.885777,9.912452,7.0377483,7.347207,7.257722
11.364098,9.782345,8.924117,8.995165,8.211408,6.3046494
10.678431,8.23944,8.748782,10.312878,9.737296,4.6248903
11.222449,12.021836,12.382778,11.185424,10.845982,6.9519134
11.640968,10.273152,11.558394,10.007509,9.834906,6.2963357
12.421257,11.939841,11.81898,10.5126,8.605582,8.350014
11.289573,11.271466,10.840426,10.294264,9.999266,6.3964753
11.730047,11.320917,10.63094,11.477838,11.473401,7.3927083
10.864589,9.958655,10.169131,9.77015,9.832486,5.821479
10.622705,10.206558,11.013206,10.428793,9.955515,7.97397
12.502959,12.478873,11.93611,12.059069,11.672701,6.38325
11.276922,10.590105,10.716601,10.253357,9.63192,7.3673277
12.4354315,10.926861,11.99685,10.895787,10.578333,7.701689
11.218363,11.8587055,11.770962,11.3417015,11.51487,7.1900144
11.959992,11.234571,9.395424,11.114951,10.706927,7.2973437
11.765508,10.822629,10.853866,11.2830305,10.247694,4.3260202
13.029702,12.029803,9.253995,11.659618,11.871559,7.6818767
11.151329,11.571469,11.523753,11.294306,10.326143,6.793012
12.81327,11.83104,12.471095,13.00855,13.000564,5.7130847
9.975505,11.562194,9.793199,12.13648,12.309706,4.9623737
10.242975,10.773417,10.844181,10.934015,10.462043,5.499826
10.622336,10.585404,10.072928,9.970027,9.572748,7.762622
11.042378,10.235586,10.481484,10.831426,10.128103,7.612971
11.85997,10.581692,11.328588,11.933572,11.620477,8.053417
11.499509,10.207342,9.518217,10.999614,10.997211,6.3457217
11.303982,10.219313,11.128144,9.8225765,10.173127,6.890937
11.050944,11.2090225,12.050143,10.435989,10.369334,7.2516475
11.75618,11.564816,10.368405,10.989034,11.05665,6.5383396
10.322081,10.025759,10.819422,8.176992,8.381697,6.5403934
10.446528,9.5593195,10.354705,8.570133,7.6191316,7.7691174
8.425577,10.613772,9.286655,11.412875,11.804553,3.8658328
10.704593,10.548851,10.156505,10.869516,10.897635,5.1715894
11.0128975,11.696504,11.129137,11.253445,11.387275,7.678056
11.972082,11.016576,10.699593,11.753601,11.8829975,7.348743
11.090317,11.118805,10.843227,11.364414,11.3906145,7.1546054
12.245729,11.818822,10.443035,10.632172,10.616687,6.6984377
11.208384,10.762212,9.249127,11.255246,11.208409,8.104554
11.80376,10.662833,10.47062,9.833168,9.841428,5.5079126
11.031093,11.481531,10.493917,10.397206,10.719773,6.988778
9.91401,9.996361,9.178538,9.17428,9.282504,5.797729
11.85844,9.753382,9.124858,10.172148,10.17991,6.6474466
10.119741,10.71615,9.835816,9.3786545,8.389755,6.8552113
11.527962,9.619508,11.061555,9.9542885,9.922245,7.2186503
10.780317,10.4668665,9.207312,8.894919,9.093512,7.338031
10.084355,10.242443,9.207773,8.562633,8.776332,3.5853345
9.531109,11.667612,10.929523,11.463895,11.421297,7.6090384
11.152479,10.473983,8.935247,11.301171,11.160085,7.9597263
12.194946,11.528362,11.196387,11.083174,10.749757,5.9560275
10.553396,11.570868,10.897693,10.366365,10.211698,7.5321865
11.6294365,11.027538,10.559233,11.660988,11.716882,7.4832454
12.257947,12.135938,10.290995,11.557218,10.594355,4.6908913
10.701564,11.135137,10.699719,10.973336,10.580013,8.00076
12.593193,12.074953,11.471902,11.205571,10.661979,7.878918
8.453409,11.098432,11.64291,10.931902,10.343655,6.7921414
10.752244,10.843882,9.497696,10.37758,10.143335,7.307373
8.483038,10.064794,10.305496,10.979959,10.464655,7.8317575
11.105529,10.649694,9.503466,9.814842,9.958884,5.9002423
10.008443,9.454228,9.720124,9.04945,8.929962,7.221798
10.668611,10.640046,9.198589,11.061678,11.029832,8.577532
10.448117,10.185694,10.096621,10.421858,9.843266,5.9055214
11.299148,9.876782,9.468855,10.629132,9.385187,8.433284
11.616655,12.22058,10.692719,10.649981,9.408839,7.4872785
11.028707,9.979834,10.549383,11.098101,10.944027,7.5845246
8.066302,9.871203,10.815069,11.434029,11.491456,7.6021495
11.536884,10.009615,11.632786,11.431134,11.390211,8.031186
12.106759,11.843372,11.312121,9.674448,9.350801,1.7958612
11.193716,10.850558,9.835823,10.71327,10.153156,6.490762
10.471669,9.945717,10.327383,10.541529,9.949488,5.718835
11.139921,11.125372,11.212136,10.91376,10.84461,6.9422626
11.131279,11.311684,10.306654,12.038481,11.873764,5.725378
11.029192,10.2993965,10.6720495,10.874138,10.328597,7.437501
10.872856,9.849622,10.203293,9.95661,10.221527,6.559647
10.816,11.700346,9.885593,11.041585,10.465349,3.3185873
10.717363,10.577634,9.829704,9.049655,9.117688,5.938158
10.401698,10.8642435,11.217002,9.598742,10.074921,5.8191657
11.440554,11.73279,10.292569,10.05781,9.9019785,8.275173
10.150785,10.790059,10.47632,11.299904,11.356956,4.5184565
10.469641,10.513402,11.21588,11.2254925,11.0559,6.808678
11.387729,10.136948,9.359631,10.869802,10.826404,3.7844439
12.558424,10.261813,10.432016,12.0647135,11.92226,7.414282
11.482452,11.952911,9.640336,11.80324,11.254695,6.3213515
11.963206,11.482771,9.63575,9.474157,8.184037,8.843843
12.406719,11.541908,11.545705,11.933048,12.0107975,7.0681634
11.71513,10.494556,11.241516,11.822367,10.7880535,8.463814
11.279678,10.413811,9.840308,10.572053,10.138961,8.0062895
11.110175,11.125204,8.100368,8.451334,7.552393,6.8837066
10.752201,10.595693,11.362435,9.654975,8.941191,6.5302424
11.37915,10.223248,10.950783,11.199383,11.20953,8.31044
10.567026,11.220354,10.55575,10.863848,10.314098,6.9481096
11.416935,10.457573,10.116694,10.8582,10.585891,7.899542
10.034791,10.096694,9.7758045,10.495737,10.44676,7.8072896
8.9764185,10.919433,10.976461,10.874362,10.428486,5.3265567
11.119411,11.454943,10.267942,9.931352,9.787424,8.13772
11.684193,11.765047,12.044364,9.997165,10.00697,4.670266
12.216168,11.26045,9.930977,9.477239,6.9174037,6.639896
11.604264,9.961205,10.035011,11.184088,11.426765,7.662957
12.305963,10.941492,11.01684,11.412785,11.390265,4.8105817
9.164219,11.270179,11.281667,11.209852,11.086296,5.9679184
12.133121,12.127948,11.901915,11.372446,10.492557,6.726672
10.490247,10.295554,10.035212,10.586341,10.034848,7.3236566
11.313208,11.747829,9.823868,11.864706,11.877577,5.609799
10.889181,10.648329,10.655228,9.857637,9.35178,7.7113485
10.801482,9.735618,11.268264,11.001054,10.861344,6.3803916
10.58088,11.776229,10.21439,11.839877,11.912082,5.799021
10.995288,10.751741,11.316929,11.908447,12.096483,7.568668
10.692967,10.941124,10.071804,11.409809,11.126141,7.618932
11.218801,11.429162,12.110849,11.740897,11.209511,6.9611106
10.807789,9.533247,10.596262,9.837748,8.176584,5.8963733
9.199103,11.559084,11.603651,9.507072,9.516886,7.6408553
11.413211,11.151777,10.595784,9.200918,7.7791758,6.173356
9.6053095,10.747902,10.969656,9.082094,8.865383,7.875404
10.095768,10.801075,9.92395,9.863767,9.567847,7.185988
11.110237,10.655981,10.211309,11.644475,11.659659,8.640353
10.837777,11.418991,10.233576,11.506342,11.42491,7.1569085
11.452854,9.671587,10.687935,10.075079,8.032662,5.6475697
10.808561,11.403663,11.023134,10.864893,11.002311,6.288086
11.152505,11.0866375,11.034402,11.599424,11.528494,8.257409
12.052194,11.163767,9.45865,10.0327835,8.617858,7.374592
10.782912,10.2926445,11.3317375,10.56064,10.429635,6.1453595
11.306004,11.376912,10.8366995,11.245037,10.687206,4.9720173
11.335168,12.784945,12.34347,11.63964,11.417061,5.558068
11.897932,10.956845,9.425317,10.6967535,10.149268,7.101391
10.7703085,7.0453057,10.071737,11.019051,10.709029,6.2955265
10.960327,10.185582,9.834993,10.320056,9.796299,8.066855
10.477723,8.12299,11.171269,11.599695,11.379374,5.7750907
11.405788,12.120376,11.52828,10.963124,10.694461,6.83955
10.862021,11.719489,12.376722,10.935413,10.129256,8.094015
12.480401,10.798089,10.952224,11.733622,11.845747,5.881773
11.59591,11.160117,10.298876,10.41884,10.954779,5.867598
12.020332,11.756519,11.664047,11.259426,11.079039,3.0389864
9.366464,10.111839,8.024965,10.181403,10.170595,5.323908
10.736243,10.935625,9.226979,10.930591,11.213727,7.62942
10.535472,10.852391,10.749419,9.399652,10.399296,8.215505
11.325453,10.731524,8.681131,10.304262,11.128617,8.309647
11.607837,11.197698,7.6748857,10.325783,8.941382,7.9536767
10.870245,11.865263,11.336755,11.205764,11.147407,3.1670272
11.705681,11.696112,10.889994,10.011732,8.298455,6.9139476
12.22195,11.649142,11.085012,10.787989,10.901114,6.766396
11.640287,11.184924,10.877197,11.030609,9.95606,6.7183657
10.894776,9.949018,8.7323475,11.396051,11.252636,6.906308
9.924561,10.227115,10.8155985,10.975711,10.766577,7.8010874
8.861262,11.765528,10.298375,12.027967,12.100013,8.458423
12.201811,12.188885,10.913898,11.095338,11.101548,7.0436964
9.809613,12.091888,12.106889,11.03286,9.158406,8.06502
10.047891,11.418301,9.245859,9.534038,9.276167,5.0983744
11.094865,6.449447,11.774854,9.807266,9.09319,8.360233
11.016797,8.92928,10.818544,9.217111,8.7886915,7.1502614
10.557692,9.123207,10.109003,8.699958,8.990756,7.6345997
10.542605,9.18359,10.336684,11.353251,10.692541,7.817267
11.9406185,11.434032,11.326821,10.709768,10.466238,4.970298
11.604872,11.188884,11.659139,10.071642,8.887778,7.7368393
10.90537,10.949254,10.827923,10.397607,10.75844,7.6284657
10.9430485,10.602955,11.313349,12.038097,11.765557,6.097415
10.77357,9.854097,9.966242,10.805329,11.021614,4.3062544
11.954722,11.197797,10.862864,9.86263,10.062527,7.3343678
11.739778,10.550315,11.044856,10.9942665,11.119634,8.023878
8.932971,8.701467,7.1986246,8.252852,8.548033,2.70942
9.623867,10.125287,10.536208,12.079143,11.896743,7.9878635
12.049874,11.388622,10.597004,12.353305,11.923547,4.8956842
11.083499,11.760392,11.72375,11.750151,11.86454,3.6612966
11.626581,11.193396,10.671691,10.991931,11.575027,8.474233
11.635614,10.787159,8.601749,10.175159,10.172272,5.8682256
12.136228,11.237755,12.219571,11.401126,10.800244,6.705452
10.627026,10.793746,8.489758,11.035681,10.845768,6.7642097
10.444821,11.172937,11.1872015,11.020703,11.112636,4.5538154
10.844197,10.224602,10.472165,10.93996,10.348301,7.725523
11.620439,10.231414,11.856403,11.348376,11.364985,7.732881
10.496989,11.804827,10.573431,9.543655,8.0123205,7.952731
10.864618,10.375049,7.4303036,9.18193,8.9144745,6.117843
10.271859,11.707359,8.983777,11.826799,11.539512,8.921444
11.734798,10.910744,11.197965,10.872616,10.301551,7.0797687
10.913719,10.500851,11.269922,11.612905,11.521007,8.173217
11.970297,11.692426,11.207924,10.2028885,10.411311,7.15705
10.398821,10.175714,9.811537,8.894949,8.462017,8.151371
11.618094,11.376891,11.914887,10.725432,10.666905,8.0692625
10.20475,11.151789,10.977522,10.818538,10.961405,7.096306
11.288523,8.455929,11.09613,11.636424,11.741501,6.6314454
11.247484,11.026215,10.423586,9.864773,9.523198,8.56483
8.44976,9.575316,9.047569,9.892453,10.056434,6.4744854
10.594681,10.76962,10.995841,11.345137,11.680183,7.5295544
11.251918,10.469222,10.699192,11.083857,9.233712,7.290268
11.772678,11.274503,8.567825,11.7793,11.582689,4.1130385
11.71214,10.391031,10.058512,9.885366,9.444638,7.6588945
9.945772,9.281099,9.843716,10.397077,9.2567215,4.9061785
10.625277,11.290926,11.893387,10.538525,10.537255,7.295868
11.389323,10.812503,11.221374,10.025119,9.507135,6.6615577
12.07524,10.224334,11.992218,11.396069,11.279897,8.067319
11.788504,10.916013,9.681027,9.9864,9.254726,7.498803
11.118937,11.024171,11.019326,10.34806,9.37682,4.7008085
11.28883,11.441939,9.85368,11.554511,11.373803,6.0641313
11.664597,11.71058,11.303559,11.757285,11.834448,6.011634
11.602678,9.795565,10.860912,9.950901,10.05181,5.7176127
10.454021,11.243304,9.401825,9.901965,9.607708,7.7424426
11.259605,9.538587,8.609638,9.470327,9.282334,4.953573
11.9696455,10.064071,11.335287,10.357909,10.22443,7.7883916
11.07155,10.683021,10.688137,11.460832,10.8421545,2.8961134
12.045274,10.848675,11.362285,11.036697,11.230864,7.0919657
11.464214,11.221045,9.311016,11.210049,11.5018425,7.5022964
13.282766,12.290115,11.382508,11.237214,11.033211,2.6462662
10.0935955,9.960248,10.592254,11.326202,11.249409,5.9616065
11.750192,11.193197,9.952372,10.67985,10.443337,7.9316106
11.883097,11.988122,10.943768,10.413603,9.42502,7.4488125
8.549411,11.514654,10.935147,11.626063,11.759447,7.7692986
11.05255,10.168504,9.927678,11.336986,10.872164,7.054468
11.524754,10.966713,10.573243,11.431675,11.325199,5.8989625
12.257542,9.784739,11.23647,9.803358,9.903222,5.968321
11.568885,10.867597,9.899318,11.865868,12.0465765,8.039024
7.416378,10.557146,10.864493,10.0611925,10.212238,6.067454
9.90317,9.265239,9.100349,10.890706,10.641241,6.635978
9.968589,9.601919,10.839398,10.453924,9.844779,5.7496033
9.413392,11.010352,10.639233,10.56049,10.868509,7.056011
10.552067,10.656586,10.62205,11.763852,11.512237,5.2637706
11.688882,11.538252,8.688255,9.638372,9.554094,7.2654867
10.032972,11.528384,11.993822,12.021458,12.025593,7.504983
10.984842,9.952427,9.646224,10.92981,10.853405,6.5479474
10.966913,8.975875,10.123038,10.850361,10.879119,4.8786817
12.693659,9.750714,11.912015,10.686251,10.605496,7.304726
11.854704,10.000308,11.873357,11.442491,10.108672,5.097896
10.521699,11.271208,8.032701,10.716257,10.871076,5.5449715
10.442598,9.072249,9.205376,10.077213,10.064484,2.1618676
9.788352,9.382755,10.190073,11.706283,11.705803,6.4934
9.257572,9.488001,9.098045,10.929447,10.890601,6.0372605
11.865053,10.684014,11.345479,10.67007,10.781917,5.418854
11.434794,10.842033,9.596194,10.088714,9.676835,6.329257
11.638068,11.463307,9.711094,11.38373,11.403179,2.637794
11.529557,11.677388,10.097035,10.409336,10.876744,7.4373507
11.4873905,11.556232,11.395169,10.689774,10.423456,6.3048806
11.419359,10.05423,7.0424585,10.594047,9.635681,7.288416
11.289916,12.104629,10.858454,10.853572,10.366432,7.445601
11.399409,10.309153,11.276541,8.001242,7.479536,6.958146
12.056427,10.405848,10.384851,11.435449,11.476407,4.599913
10.72635,12.25334,10.642787,11.423646,10.979721,7.4167027
10.880488,11.533976,9.869391,10.553761,10.86345,6.935202
13.342196,10.526159,9.65808,11.388133,10.609482,4.882377
11.915394,7.0683575,9.65997,10.861388,10.25906,7.237865
10.067284,11.176345,9.962711,10.627666,10.398494,6.1631007
10.890457,11.215992,11.031212,11.902187,11.599386,7.578511
11.006094,10.729581,10.349199,9.880295,9.79866,8.394992
10.324366,9.390561,10.558256,10.71219,10.233045,7.2110767
12.356548,11.224762,11.007984,10.429461,7.9983487,5.2527356
11.64258,10.345775,11.543551,11.046704,11.028159,6.621388
9.223008,10.008828,7.413775,9.591896,10.028223,9.265547
12.115409,12.674047,10.343817,9.798382,8.57319,6.818369
10.346191,10.875602,9.160684,9.663066,10.021636,7.844838
9.827736,10.110895,9.367124,9.358279,7.384707,8.124424
12.091821,11.6184435,12.280629,11.273636,10.248737,6.6214285
11.514758,9.771992,12.300819,12.411065,10.905136,7.529705
10.890815,10.491505,8.8260565,10.552404,10.843171,7.0723305
11.655493,10.783211,9.12795,11.975294,11.169109,7.052154
11.852068,10.733109,10.211976,10.934436,9.692486,4.699153
12.015113,11.456116,11.683092,11.59377,11.615957,7.983035
12.462871,10.810616,12.445686,11.751192,11.368271,6.4079866
11.553571,11.794016,11.394695,11.414907,10.592351,7.786046
11.921775,10.533946,10.642975,10.962897,11.367952,8.358074
10.0981045,10.402065,9.160719,9.985961,9.915378,7.582769
10.241762,11.315802,10.804152,11.294256,11.098684,5.0337906
10.121655,12.284525,12.026693,11.108567,9.163916,6.752652
11.3808155,10.117551,8.485422,11.737263,11.574819,5.9936285
11.460035,9.146915,10.989437,7.315665,8.658476,6.442398
11.9328785,11.061116,10.637481,10.508141,9.1849785,4.3098345
11.292665,10.901883,9.458735,9.290345,9.066869,6.9101677
12.111162,10.091149,11.717319,11.743329,11.846667,6.986071
12.720601,11.207405,10.353023,11.558893,11.024865,7.5326214
10.937259,10.566303,10.900031,11.294952,10.367159,6.0026026
10.352381,10.929597,8.987321,11.379276,10.926689,8.392334
10.598103,9.815072,10.328806,11.26091,10.428777,5.2215896
10.964893,11.529778,9.12285,11.176186,11.335703,6.404081
12.480445,11.950506,11.618884,11.119371,9.58305,5.3813105
12.187444,10.123419,10.901212,10.776007,9.200363,7.9587584
11.768097,11.38384,11.46967,10.733352,10.882189,5.9424357
8.7492695,11.088202,10.435764,10.329707,10.409588,6.7143574
11.307917,11.01221,10.242204,11.4027405,11.306459,6.2595305
9.155317,9.848455,8.191696,9.173628,8.594494,5.6898623
6.6536217,11.865632,10.477846,10.404907,10.599501,5.016616
10.569532,10.292874,8.8425045,9.478621,9.444332,5.4286866
11.672593,9.814988,10.130442,11.136173,11.1680565,7.1083856
11.811253,10.894386,11.105279,11.152222,11.004796,4.143589
11.718307,11.734016,11.416395,11.995788,12.090046,7.2820396
12.083305,11.590195,11.874465,11.183039,11.417371,7.035697
10.819965,11.488097,10.454329,9.883075,10.063248,7.50348
10.807976,11.220574,10.671302,12.2155285,12.163345,5.2473764
11.217122,9.961027,8.270358,9.3370695,9.955225,7.107164
10.131017,10.5000305,10.265331,10.148894,10.53184,8.12162
10.504452,9.783056,5.83731,10.493962,10.039533,6.4181256
11.45682,11.614257,10.459672,9.366241,9.412126,3.9128919
11.060164,11.078471,10.9787,11.354412,10.766764,3.9732387
10.386523,11.660945,9.004295,11.088274,11.063613,3.471332
12.1138935,12.271927,10.850426,11.918506,11.92406,7.6743665
10.058091,11.188355,10.115578,10.156805,9.544093,5.6732044
11.160745,9.853254,9.42165,10.730783,10.473398,7.114578
10.484499,10.383879,10.48525,11.069839,10.940222,7.7403283
11.819693,13.111062,10.214989,11.75922,10.613199,6.7872515
12.1602545,11.318278,10.509739,10.617643,10.811159,7.4027224
10.328396,11.883372,11.956812,10.997177,11.096009,4.791982
11.639474,11.391324,9.559488,9.05896,7.0444727,7.352658
11.888897,11.233086,10.701211,10.895476,11.315231,6.735285
11.589162,11.475621,11.703163,9.685687,9.798259,8.485969
9.204449,11.055679,10.565201,10.95944,11.294782,5.7259774
11.398399,11.467776,12.554461,11.08852,11.017893,6.4820504
10.318932,10.8863125,9.875513,9.569301,9.3977,8.325312
11.171033,10.490485,11.426708,11.0843725,11.113034,6.952182
10.011923,9.249629,10.056876,10.651055,10.853815,6.23833
11.776611,11.465256,11.40071,11.87475,11.88534,2.8881903
11.925671,11.109432,11.391039,11.551631,11.631443,3.4068856
12.11002,12.565992,11.875186,11.561001,11.442813,4.7535787
9.025986,10.315005,8.936929,10.084172,10.419664,7.589673
10.766802,11.175279,9.288306,10.636824,10.513436,6.638312
11.240259,12.447468,11.567344,9.13129,9.94771,8.438738
9.854106,10.334632,8.660553,9.903218,7.388249,8.432898
11.763413,11.499317,10.124498,11.753538,11.816187,5.076271
11.433166,10.805101,10.432971,10.272978,10.438922,6.745295
11.45255,11.442628,10.179847,11.608105,11.377681,7.008558
10.538278,10.094191,8.141879,10.058163,10.213057,3.8405826
11.950296,10.715955,10.386697,9.799791,9.49981,6.9797916
11.622823,10.088187,11.133594,11.725304,11.732487,6.2433577
11.348565,11.807839,10.948385,11.700432,11.717645,6.3798475
10.695308,10.46657,10.394686,11.080994,10.966105,6.748445
11.362783,11.169437,11.03277,10.525828,10.96009,6.2903337
11.403758,11.565698,11.580163,12.114765,12.127225,4.63857
11.484372,10.373437,11.367419,10.041381,10.33749,6.674737
10.393719,10.427808,9.949755,10.221814,10.291037,3.9584825
8.900244,9.162281,9.165551,8.989047,9.400928,4.302953
10.586789,10.846491,11.4157915,10.949235,11.133951,4.9835353
10.34625,9.455208,9.924667,9.6827965,9.362915,7.5217113
12.274686,11.03223,11.575331,11.671507,11.490902,6.150756
10.875545,10.1535,10.033122,11.402406,11.298174,6.5258265
11.769786,10.8525305,8.141672,10.663119,9.89523,3.8544118
9.244401,11.035214,12.719099,13.1046295,12.471431,7.4537497
11.800649,9.986287,10.970882,9.992168,7.425663,3.4738114
11.691973,11.664147,11.044483,11.040405,11.179617,7.9999514
11.083105,11.169639,10.418209,11.3165655,10.949024,7.596439
10.078039,9.467945,11.9487915,10.5638275,10.86209,4.112356
10.824457,11.595322,10.921069,10.562203,10.355044,7.463643
9.4898815,9.896867,9.78316,10.923633,10.976768,5.8592553
11.8997555,11.117317,8.433589,11.074661,10.374051,7.7183785
9.401013,8.201859,8.899412,10.173508,9.292548,3.7886062
12.141166,11.493182,11.391645,12.141142,12.197991,6.979245
11.525293,9.857526,9.060779,11.302152,11.519385,7.6988516
11.458282,12.014276,11.78386,11.576993,11.393609,6.9247227
10.225897,11.18801,12.298123,10.088041,9.949687,7.68739
11.48795,11.81365,10.07745,12.48064,11.7619295,6.95288
8.619585,9.805976,10.157062,9.8044815,9.796326,7.5757723
11.281297,10.958088,9.965945,11.4972725,11.352063,6.3391232
9.059704,10.742117,9.195451,10.928871,10.897372,8.542606
11.450534,10.990905,9.959138,10.815733,10.928471,5.17253
11.371293,10.882164,11.399878,11.667097,11.469263,4.796073
10.780603,11.142018,9.860963,11.099673,11.373157,7.425919
9.573548,11.004884,10.6036215,9.841527,10.142653,8.120356
11.934515,12.088766,12.420557,11.065911,11.019226,8.561085
10.906217,10.947408,9.956717,11.525305,11.590876,8.069455
11.526072,11.739913,10.740023,10.54057,9.588949,8.373978
11.720654,12.150865,8.645166,11.236922,11.324762,6.46492
10.737393,11.889897,10.06405,11.536427,11.637267,8.729653
9.855124,10.124806,9.556149,9.231483,9.635651,7.527235
11.039729,10.538134,9.650952,10.002443,9.519674,8.978472
10.297242,10.513676,9.407682,10.584187,10.13473,6.6860867
11.607581,10.410105,9.839061,11.077222,10.490061,2.9744444
11.410478,10.508331,10.851679,11.650398,11.066787,5.2943397
10.072901,11.826474,8.676076,10.110301,10.084727,8.04972
11.769743,11.513773,11.882872,11.1231165,10.233364,6.8073945
11.548622,11.176262,11.805967,11.642026,11.6199665,7.540783
11.709291,10.382286,10.908481,11.005533,11.102268,6.616624
11.356087,11.977902,9.876921,10.906332,9.82818,9.298334
11.936053,8.716288,10.234775,9.016129,9.533155,7.312707
13.028086,11.365693,11.6802,11.470224,11.556199,3.6635308
12.44158,10.392833,11.728019,10.314354,10.457825,7.7772427
11.382317,9.599855,11.834323,11.30369,11.345975,3.1004512
10.954981,10.594943,11.03543,10.4239,10.735468,7.704403
7.969475,10.985256,10.607075,11.109986,11.129211,8.95344
11.886836,10.6530695,10.766555,11.042312,10.991776,7.4592957
10.284708,11.499731,10.776926,11.769493,11.972802,7.5437946
11.250654,10.43609,9.68535,9.76238,8.463212,6.6329174
11.665765,11.089984,10.971238,9.885566,9.782717,6.868713
11.80392,10.843134,11.36803,11.954679,9.469467,5.6364684
12.360412,10.908781,11.3232,12.122911,12.066301,7.159435
10.577548,9.136304,11.062478,9.44606,9.354517,7.0328016
11.892855,11.046519,11.013484,11.188087,10.426372,7.3565035
11.502119,11.89844,11.265301,11.619778,11.508458,6.232509
9.862096,10.661896,10.059059,11.412155,11.193007,8.1683235
12.360938,11.889154,11.610563,11.874968,11.574662,4.1252103
11.87457,11.144634,10.48365,11.087076,10.951189,6.8479238
10.468635,10.045408,7.37748,10.829203,10.239194,6.9870944
10.442258,11.065875,11.097043,10.565183,10.947439,5.209391
11.921152,10.571731,8.94137,10.711458,10.730924,5.9129024
11.674237,10.633779,11.560082,11.221831,8.18744,4.677691
10.860835,10.808543,10.568483,9.894205,9.776247,7.6270185
12.575093,11.640139,11.301595,8.954964,7.69995,7.403027
12.99431,11.605537,12.125756,12.079435,12.158655,7.5363173
10.270546,9.269006,9.834442,9.979195,10.046831,7.305338
10.797916,11.664776,11.854789,10.359551,10.216745,5.9291553
12.07963,12.322994,12.536797,11.516175,10.935374,6.9647045
11.773566,11.2582245,8.761048,12.308311,12.102888,4.6009545
12.056747,11.327156,12.226725,12.737278,12.778086,6.2704735
11.157905,10.677316,10.604929,11.352766,11.212824,6.9691277
10.213017,10.035491,10.18952,10.11236,10.035431,6.1386
10.878305,11.259874,12.0422735,10.627572,10.873779,7.260675
11.316423,11.99408,10.039095,11.250642,10.985035,8.259193
10.395813,9.899921,9.91273,9.515876,9.928718,6.52644
9.521128,10.077112,9.53286,8.944883,8.525363,8.185454
11.880088,11.049937,9.990502,9.278264,8.112458,5.4642086
12.616996,11.876715,10.135826,12.064447,11.347976,6.0610957
11.088562,11.372635,9.4453,9.5919695,7.2824664,8.411645
9.583616,10.513918,11.327675,10.772908,10.714017,4.7206964
12.014441,10.734099,11.225243,9.982477,9.333513,7.288482
11.86454,10.899563,11.138418,11.417662,11.555425,6.721025
11.172047,11.010943,8.3289585,10.667271,10.655075,7.2130976
12.478807,9.505506,11.16946,11.476177,11.627245,6.550078
10.550437,10.332018,8.459424,10.926067,10.087186,7.1389966
11.825621,9.926454,9.937919,11.321255,11.32701,7.187373
11.287983,9.507458,10.975085,9.87026,9.904615,7.262474
10.084154,11.228847,8.326738,10.454331,9.679244,6.8966656
11.281065,11.955606,11.257624,10.763739,10.859943,6.4563856
10.335283,10.987697,10.1093235,11.377791,10.843701,6.727648
10.878021,10.677752,10.626648,8.950684,9.000285,6.8377037
11.293021,9.976955,10.102085,10.033564,9.726673,7.335508
10.358794,10.294178,10.49573,10.34908,9.658789,3.2209399
11.243536,11.537101,11.797649,10.972298,9.945419,7.2847657
11.773504,10.763246,11.418779,11.467949,11.427108,7.1228104
11.15236,6.938902,10.549534,10.036807,8.50295,4.119512
9.870898,10.1,8.244568,11.195468,10.819019,7.060757
11.704463,10.384653,9.544116,10.333238,9.66067,5.940865
11.08103,11.249398,9.029848,11.613824,11.119639,6.9361715
11.68561,9.925648,10.544385,9.4631405,9.982267,7.159016
10.533897,11.586468,8.352795,11.30951,11.030583,7.3100967
10.245993,11.370152,10.354927,10.756357,10.82927,7.534345
12.06679,11.489228,11.013573,11.372057,11.913612,7.8762965
11.520846,11.559979,10.413699,11.277815,11.323195,7.4515963
10.178209,9.813875,9.849394,10.255353,10.0844345,6.8121076
9.484991,8.510222,8.957901,9.012867,9.041676,3.939619
11.710229,11.556622,10.193773,9.807154,8.685624,5.629511
12.960226,11.098629,9.131083,11.802443,11.983881,3.6962142
11.088402,10.53709,11.673507,11.652543,10.009043,7.6582513
11.731367,11.462615,11.568661,11.66715,11.151658,6.596657
12.245941,12.065091,12.066338,11.664504,11.902913,5.6269884
12.077094,11.405052,12.262131,11.73107,11.075633,7.1732936
11.90776,10.650682,11.241014,10.821959,10.729428,6.423849
11.731225,11.076697,10.3268585,10.424608,10.051329,5.258968
11.790048,11.6379595,10.243028,10.614702,10.589832,6.9541078
10.9871,11.653858,10.013054,11.440486,11.442032,8.866549
10.982643,10.071994,10.954674,10.79936,10.873341,7.317112
11.934977,10.790799,10.737546,11.035889,11.522938,6.3348193
7.1035566,9.055922,10.522217,10.346296,10.010093,6.4120626
11.516623,10.595028,8.76238,9.793155,9.190024,7.7120013
9.908644,10.398248,8.943457,10.890155,10.253971,6.8549128
10.546679,11.06941,11.025958,12.336395,12.310277,4.1010523
12.505654,10.565852,11.429454,12.127681,11.6111145,7.7467995
12.162704,11.026646,10.777687,11.077552,11.114117,7.376031
11.165325,11.1511135,10.222532,11.35068,11.470961,6.5862455
11.654509,10.398615,10.882141,11.627491,11.117348,5.0546684
10.763941,11.246776,8.826317,10.372937,9.745712,6.1833305
11.355773,11.786283,11.651992,11.310149,11.460089,8.016504
11.513905,10.829446,10.729421,11.074375,10.93291,7.4133983
11.743322,11.605112,11.376671,11.018295,10.860194,7.405878
11.323068,10.869316,11.758958,10.412845,10.354083,8.000228
10.077181,10.619336,7.0160494,10.353998,10.243243,6.5104394
10.82679,11.179548,10.145997,9.647012,9.193592,6.895808
11.621812,12.369471,11.527945,12.242006,12.259837,7.028146
10.147915,9.964312,10.020196,11.130636,11.268005,6.745022
10.319337,11.640333,10.869001,11.755276,11.978286,6.820631
11.566335,11.109204,11.141448,11.422879,11.58219,6.7321515
10.734794,10.072129,11.314426,10.699647,10.894652,7.059554
11.191898,11.19549,11.119942,11.484949,11.376317,8.135377
9.946972,11.30393,11.320987,12.186226,12.090941,6.149424
12.133768,11.700088,11.915339,11.775978,11.421981,8.146533
12.601792,11.918788,9.915081,10.670782,10.708227,4.680447
9.801907,10.711716,8.492703,10.16139,9.91372,6.3815145
11.731128,10.406643,10.768422,10.9420185,11.038557,4.4401374
10.6186285,9.932454,8.431872,10.372114,10.450972,8.088775
10.58592,11.04936,12.620905,11.405614,11.487482,8.177626
10.762159,10.421151,10.481376,9.923824,9.990155,6.585924
11.845975,11.097109,12.330151,10.719801,10.399355,4.392213
11.102247,10.614732,11.303592,11.561902,11.277825,6.252003
11.193964,9.150784,9.986345,10.202315,10.459222,6.4002275
10.844137,9.661528,9.907864,8.7457075,9.127864,3.549222
11.709862,10.137038,10.863604,10.210979,10.0725,7.5447946
10.916887,9.828073,10.471513,9.970084,9.785452,6.8850536
10.313229,10.16588,10.663485,8.786699,9.211551,6.5505853
9.899877,8.544028,9.937922,10.7290535,8.694237,7.1749763
12.674945,11.616693,11.873266,12.101305,12.092806,7.923724
11.920452,11.221315,10.234733,9.9213,8.322238,6.5225196
12.329992,11.644337,11.859361,10.395783,8.932344,7.4269896
12.031517,8.920838,11.139915,11.642649,12.167002,4.6106186
11.374868,10.741974,9.746281,11.387367,10.666529,7.9932523
9.084622,11.387087,9.122735,11.570017,10.689463,7.884136
10.722674,11.127511,10.885333,10.410181,10.330493,7.546077
11.704257,10.636086,8.386171,10.804797,10.716218,5.07045
10.029736,10.8456545,10.632312,10.387816,10.6182165,5.915571
11.228701,8.491089,9.278561,9.056531,8.443638,3.9703822
12.030741,10.917913,11.869667,10.81559,11.094392,7.832591
11.907195,11.655237,11.117022,11.0377245,11.161975,6.6451
11.892299,11.089093,11.610167,9.863797,8.57131,2.9424086
11.551661,11.444765,11.454711,12.90532,12.899073,6.7191534
10.774895,11.908315,9.546788,10.355731,9.517424,6.6305165
10.971859,10.3974,11.147928,9.994319,9.03959,7.480225
11.468261,11.1974125,10.554736,10.74834,9.993544,5.695597
10.008758,10.567567,10.415266,10.233942,8.854937,7.2551193
9.41701,11.263246,11.481158,11.040477,11.057804,7.461413
10.963572,11.094328,10.660979,10.726042,10.411175,4.9029994
10.651315,9.645502,10.740791,9.094922,9.60405,7.5720906
11.453661,11.382261,9.153615,12.662419,12.507621,8.207586
11.339022,10.3548,10.446286,10.7320795,10.777309,3.8504238
9.411179,8.029472,7.1178675,7.346814,7.0477114,3.9646223
11.331558,11.936671,10.510423,11.957738,9.782528,7.70117
9.975069,10.053398,10.6251545,9.6559,7.332133,4.649061
11.49507,10.354042,11.271356,10.776582,9.562599,7.4981904
10.274555,10.660866,10.251676,10.827136,9.956445,8.421443
10.683871,10.962793,10.410192,10.778498,10.337402,6.6320043
11.388318,10.443549,11.055884,10.098525,10.332033,6.7356277
11.380604,9.847744,6.6076145,9.686452,9.934945,6.579376
11.216548,10.713702,9.795383,10.654281,10.015581,7.404193
11.701691,11.546942,10.430681,10.688606,10.854295,7.6839123
10.574886,10.63227,10.359505,11.198088,11.2363205,4.196032
11.133797,11.115483,10.563274,11.035754,9.176586,6.8266354
11.063903,11.018352,9.793406,11.305041,11.016019,6.377781
10.650018,10.135471,10.083009,10.852015,10.599344,4.5976133
11.548316,10.730943,10.1767845,11.533789,11.616706,7.6277466
11.32381,10.177787,10.772486,9.024868,9.082169,6.679685
12.137019,10.839762,11.525641,11.423568,11.267967,7.9527545
12.271412,9.681658,8.047324,10.8316965,10.045004,8.0684595
11.953357,11.202793,10.984253,11.427381,8.509231,6.862646
10.673462,10.402617,10.56623,9.640656,8.446993,7.201199
9.593271,8.46744,10.530117,9.779572,10.10847,6.7745504
9.194582,9.887584,10.303426,9.963437,9.578835,7.5998287
10.31524,10.78672,9.561392,10.822685,11.08654,6.3694973
10.028912,10.160331,10.850622,11.017805,11.048848,6.678707
10.595088,10.138728,9.445291,9.554905,8.639519,7.5287795
10.756456,10.538676,9.885999,10.305598,9.927403,6.88311
12.309503,11.402453,8.620151,10.020215,9.6793785,6.5554976
9.638224,10.632386,11.53383,10.494211,10.756029,7.2730474
11.202396,9.472112,10.9203825,11.687743,11.6805105,7.520133
10.867793,10.494586,10.177477,10.246675,10.191198,7.771429
12.637105,10.748402,11.572243,11.804609,12.020108,7.2764783
11.12942,10.981684,10.16791,10.531473,9.825636,7.7933245
10.185115,9.515494,10.811495,10.296642,10.219846,5.9123526
12.11062,10.591666,9.083465,11.219418,11.231985,6.565801
9.947439,9.438225,8.88816,9.83013,9.572075,3.4552767
11.281956,9.633379,10.086963,9.824149,8.437172,7.00321
12.451583,11.774015,11.876962,11.165331,11.077951,7.3282623
10.719777,8.864479,8.90856,8.992326,8.422141,6.390225
11.313706,10.53413,10.516724,10.859257,11.052259,5.11785
11.011602,11.491109,8.68999,10.924397,10.64199,7.4224267
11.121088,10.016123,9.599201,10.484591,10.540151,8.224488
11.26601,10.026035,9.881389,11.236774,11.104064,5.5615873
10.949433,10.181931,8.359867,10.113552,10.577532,7.0957274
11.907449,10.735428,10.140408,11.550252,10.339786,3.3163035
10.371546,7.6615725,10.582075,10.6905,10.260873,7.667081
11.593131,11.227005,11.10887,11.401826,11.543157,7.9657965
11.297772,11.461173,10.689857,9.268407,9.04865,7.2934446
12.001528,10.847209,10.989198,11.189496,11.0174675,6.867876
11.495057,12.435265,11.416194,11.029667,10.012645,6.761524
11.828773,11.659914,12.334672,10.295729,10.774243,6.639365
11.473553,11.07992,8.670528,11.508236,11.172765,8.584495
12.124599,11.849462,8.476905,11.617726,11.098045,7.4355545
10.290987,11.218092,9.8595915,11.201961,11.169435,7.9067416
10.62147,11.298394,11.316847,10.348291,8.356459,8.556331
9.8529625,10.002209,9.773148,9.992338,9.966116,7.637093
11.004995,11.66039,11.703043,9.517652,8.489907,7.014977
10.90781,10.412106,9.145883,10.298336,9.215414,3.4340463
8.398612,11.47561,11.043058,11.247092,10.932047,6.8456435
12.173285,12.563408,11.631066,10.195885,10.482232,7.092228
10.224979,11.367459,9.759028,10.777821,10.413179,6.5903378
11.7734,12.087762,11.007612,11.841995,10.996478,6.4305706
11.690232,12.698722,10.98841,10.557703,10.62662,4.336756
10.253919,9.375053,9.705575,11.142383,11.166538,8.101933
10.893791,11.095298,11.479752,10.9680805,10.817324,7.041358
10.504988,9.080917,8.346433,10.443826,7.514301,7.611569
11.503706,11.619387,11.192852,10.822683,10.045563,2.7334042
11.735425,8.989645,10.163371,11.470107,10.836783,7.584571
11.746695,12.28598,10.985729,10.534847,9.396906,6.7604213
10.841658,10.109227,12.098101,10.805052,11.19168,6.9151974
10.461752,9.269172,10.5410795,10.798003,10.498338,5.8663445
11.240638,9.856458,11.800886,9.0960865,9.297718,7.3142414
11.082324,9.437634,10.663002,10.880412,11.019973,4.49418
12.170382,11.819043,10.232931,11.239216,11.548847,7.5547132
11.105233,11.957532,9.7416115,12.040747,12.145731,7.757147
9.706225,9.799097,10.080256,11.0863495,10.824617,6.973019
11.512539,12.058083,10.467917,12.645174,12.575822,6.366996
12.742587,11.914012,10.591457,11.748743,11.814053,7.160739
11.883362,10.456508,11.519668,11.72359,11.87973,7.537081
11.376912,11.6809,9.221784,9.412762,9.797579,7.7742386
11.320974,9.981504,9.860313,10.55055,10.971822,6.7896104
10.807812,10.524947,9.656552,10.802525,10.713915,7.7089186
9.394693,11.307978,11.072733,10.721281,10.85325,7.3266582
10.571941,8.506834,8.845805,8.779018,8.78926,6.9173136
12.307273,9.479423,11.632138,11.746521,11.754175,8.644799
9.396637,9.511365,11.662173,12.025495,11.825489,8.006609
12.280802,11.300595,12.244048,12.173252,11.9283495,4.4130697
10.634966,11.167949,9.39505,10.707863,10.789109,7.833018
10.537409,10.103471,9.472,8.704027,9.218257,4.612278
10.888189,10.999714,10.895313,10.775096,10.909069,5.8999953
9.6072235,9.848935,11.56832,9.667561,9.514503,7.9388256
11.40916,10.491966,10.182553,10.498552,8.577805,6.4424763
10.451911,10.808337,11.254725,10.805514,10.713509,7.643432
12.142959,10.6802845,9.215561,11.280172,10.013463,6.79871
9.777486,9.507062,9.602132,9.209319,8.55719,5.325872
11.101867,10.862164,9.247737,11.148275,11.124942,5.3306026
10.088521,10.801646,10.796723,10.647039,10.661028,6.393853
12.18615,9.633314,11.229346,10.20143,10.725108,8.299498
10.951572,11.176328,12.408478,10.760452,10.546594,6.4842343
11.897149,11.808201,11.604356,11.060891,10.088703,7.575737
11.313469,11.686694,11.098599,10.563727,10.975027,1.9035931
10.784338,12.118458,9.295463,9.3217125,8.443463,7.638392
9.837489,10.526356,9.785697,10.267427,10.8418665,6.2115545
12.430633,10.290776,11.137165,12.247967,12.257971,7.2349095
10.828584,11.414962,11.719346,9.732434,10.172845,2.8347793
11.014066,12.109522,11.543322,10.388408,10.290621,7.9729643
11.588198,11.100073,11.885314,11.660673,11.611336,7.3230996
12.165834,11.575081,10.122457,8.864437,9.145628,6.3444643
9.491562,11.2382555,11.619494,8.153154,8.423979,7.52684
10.325146,11.3303585,10.961669,11.745825,11.568283,5.778328
12.909564,12.181151,10.319943,11.996612,12.076056,6.30208
12.381766,12.645369,11.545183,12.047511,11.4174795,7.377885
10.98244,10.984193,11.374577,10.067811,10.147759,6.119542
13.161023,12.203359,11.168403,11.651711,11.51257,8.37707
11.84152,11.22581,10.2879715,10.914765,10.594142,7.1981106
10.856259,10.8056555,11.147721,11.3679085,11.075457,7.2567677
10.761152,10.599329,11.437183,10.907563,10.900844,3.7778218
10.81081,10.560406,11.061417,11.213152,10.021356,7.2694745
12.251493,11.177539,10.863468,12.537944,12.399406,6.6736546
9.355195,10.566606,8.825064,9.400259,9.757687,7.1364555
10.908807,10.582397,10.808113,10.869178,10.064742,8.097961
12.481566,12.035526,11.237975,10.923961,9.912313,5.3490014
9.440395,12.267921,10.41424,11.534041,11.581056,6.479771
11.232769,10.838957,10.896742,10.696972,11.27924,6.783046
9.627347,8.874529,11.174789,10.052734,9.792225,6.5559363
11.735747,11.209327,11.4392395,11.921705,11.772226,6.217055
10.392952,10.739969,10.718129,10.219753,10.216045,6.808504
12.001899,11.888857,12.085442,11.521158,11.202847,7.2241735
11.888793,12.30603,10.833244,10.912181,10.894694,5.3774734
9.661788,10.788381,10.220329,8.506881,7.8543696,6.5260468
10.273326,10.337935,10.702772,10.354101,10.280515,3.2107606
10.926105,10.987576,11.510659,10.9817,10.472829,5.5240746
11.823275,9.7704735,9.455998,12.029803,11.658994,7.270644
10.984715,9.788127,10.221475,10.278695,10.250693,4.756072
12.59988,11.850145,11.25427,11.662003,11.828158,7.2065897
11.37313,9.805548,11.180335,11.304221,11.210938,8.401234
11.696899,11.150085,11.60025,11.848444,11.7059765,6.171271
9.301636,10.372699,10.264625,11.502321,11.351168,5.7389364
10.042692,10.927285,9.411793,10.585232,10.53545,7.4345274
11.0872345,10.7411585,9.6355,10.237316,10.217724,4.2016463
11.696602,10.851085,10.84716,11.180861,11.321709,7.7598276
10.683481,10.480851,11.4873,9.299473,8.042971,7.9419684
11.342146,11.117551,11.369337,11.537359,11.499045,5.967898
11.865763,12.4931965,10.768936,11.869956,11.320973,6.048363
10.960768,11.869562,9.911689,10.904953,11.115762,6.3914504
11.772514,11.85057,12.320258,11.1707325,10.921832,6.3712153
10.82782,11.654066,12.016186,11.0731,10.931148,5.3889337
10.819973,12.233904,11.366295,11.898963,11.933284,7.3604136
9.978871,10.889408,9.222557,9.558485,9.52924,7.8827376
11.375119,11.2190895,11.390985,12.369639,12.404833,3.8598278
11.129031,10.09606,10.832677,10.690785,10.70886,6.499649
11.605992,9.498184,10.32779,11.395071,10.543893,5.682852
11.538071,12.0436,11.444463,11.931798,12.211827,6.48837
12.012392,12.501667,10.163704,12.333433,12.3706455,7.469349
12.037434,11.064431,8.978632,8.999644,7.9940743,6.769224
12.509877,10.736866,10.621061,11.049568,10.776327,7.1722565
11.143949,11.541919,11.628298,8.866622,9.533028,8.066174
9.951283,10.414153,11.624542,11.312227,11.146169,5.723072
11.756627,10.931524,9.967248,9.120466,9.143876,4.00988
11.728619,10.941596,11.731875,11.3446245,8.736731,5.743452
11.74065,11.461208,11.149546,9.743662,9.55304,8.847606
10.019795,11.04322,10.538938,10.954986,11.341361,8.21851
10.657089,10.0304,9.0165615,9.165104,9.505251,7.8732014
10.30587,12.2316475,11.671954,11.688984,11.734283,5.3513618
11.122256,11.108611,9.820206,10.057842,10.054975,7.7976694
10.957671,11.687642,10.364424,11.553007,11.12463,5.5773134
9.611919,9.9861555,10.5234375,10.580702,10.158493,7.1976194
10.818308,11.304414,9.085683,10.632101,10.6626215,6.882655
10.680217,11.379329,11.17638,11.991626,11.866566,7.4818416
10.333897,10.69918,10.722237,9.841155,9.473197,7.221227
10.253771,8.901534,9.305726,9.911826,7.5379143,8.163595
10.533763,11.266486,11.799093,11.4763365,10.772471,8.095262
11.640354,11.121593,11.0022,10.305738,10.763518,8.238832
10.081994,9.735462,9.049621,10.578417,10.224117,6.186531
10.222518,10.54053,8.018805,6.973869,6.8635154,7.298061
10.821234,10.544837,9.5012665,11.367169,10.341867,6.5276227
10.288629,10.582582,9.608254,7.0336175,7.4359226,6.870428
10.8486,10.690437,11.210345,10.261316,10.290981,7.150057
11.641119,12.242544,10.736585,11.144702,11.001449,2.9727874
11.761541,10.910458,12.124305,11.820376,11.992556,7.8678036
11.747138,12.367658,11.505276,11.744825,11.732975,7.707576
11.907711,9.885724,11.431407,11.775436,10.301589,6.041189
11.675649,10.7846775,11.623838,11.27504,11.613033,7.4877477
10.889293,10.506472,10.985729,11.658078,10.371428,7.553299
11.753912,11.573353,11.825542,10.303327,10.458665,5.2323885
11.602472,11.512404,10.433098,9.946696,10.166119,6.5797834
11.172805,9.510514,12.354332,10.173372,10.599424,5.556686
11.470536,11.671094,10.168191,11.044398,11.178811,7.725948
9.970272,10.694431,10.05199,9.783869,9.440812,7.821147
12.4429655,12.528654,10.8375635,11.749162,11.867909,7.8080897
11.476071,10.727907,10.188007,10.796131,10.70071,2.7279258
9.977969,10.658623,11.613468,11.858846,11.653082,6.6597757
8.80599,9.586481,10.721643,11.033007,10.657971,6.798994
8.141199,11.373591,9.818174,11.4088745,11.473957,7.8253555
10.71485,11.236593,10.8865795,11.143167,11.171861,8.288787
10.7512455,11.110257,11.102535,11.462823,10.990398,6.0519915
10.621817,11.090415,11.544897,11.658487,11.703244,6.16238
11.456341,10.787669,9.749305,8.775677,7.8520155,6.405008
12.718401,12.141548,10.187193,10.741302,10.375469,7.751345
10.613506,11.461005,11.658519,11.850702,11.797102,5.0666466
10.851541,10.738138,11.260958,10.044054,10.451,7.326999
11.331257,12.937326,11.71327,11.306081,11.342118,5.9836473
11.255089,9.882959,9.571459,9.6280775,9.681046,7.2736278
12.034259,10.96919,11.781819,11.509241,10.7854805,6.612901
11.086438,11.365564,11.864539,11.714911,11.71719,7.4965987
12.37386,9.643698,11.374609,12.18611,12.059386,7.204175
11.020552,8.841043,8.130268,10.528269,10.2510395,5.5589147
10.384797,11.265573,9.791143,10.394083,10.313937,6.419579
10.423698,11.960053,10.99893,11.629996,11.514485,7.7824163
11.096095,10.8322115,11.102681,10.120698,8.497549,6.6869946
12.055174,9.020278,11.836338,11.87112,10.182022,6.4597006
11.08642,10.789943,9.133759,11.070192,11.1254,7.7448015
11.4180975,11.176164,11.339079,12.004064,11.768215,7.0889406
10.346485,8.822533,8.862704,10.859992,10.3165045,5.569492
10.796516,11.523495,10.295487,9.752999,10.3017,6.4174337
10.648352,11.381788,11.269989,10.662899,10.804657,6.9393373
11.327245,10.531096,9.970044,10.232232,10.398162,4.92357
11.079197,10.985665,11.668355,11.963495,10.764871,6.3549504
9.693491,10.238972,9.491954,10.405661,10.610957,6.1737843
11.487192,11.280731,10.471081,11.687956,11.879415,6.3329287
12.075822,12.559305,12.422067,11.304261,11.157541,7.6944785
11.068636,11.161743,11.326302,11.560727,11.068906,5.396921
10.982492,10.873473,10.934845,11.489556,11.536701,5.8251038
12.840873,11.997667,11.759068,11.51333,11.177277,8.741101
12.169825,10.922432,10.959089,11.20323,11.572463,6.6295314
9.493254,11.137467,12.275263,10.964327,10.950022,7.3515053
11.53526,10.855263,10.711909,11.145327,9.591888,7.626508
10.82507,12.243297,10.802147,11.572507,11.140351,6.9081845
7.481146,10.9237385,11.552607,10.657716,10.083164,8.320038
10.615531,11.378034,10.837333,10.109013,10.02803,4.060564
11.5028515,10.391549,9.973683,12.280364,12.242162,7.010445
11.466808,10.301666,9.911382,10.178114,9.306118,7.7289104
10.54387,10.655329,10.918858,10.762645,10.833179,7.431682
11.780094,9.498205,9.891933,11.115208,11.174625,8.284792
11.286005,11.290584,9.97425,10.043403,9.229099,8.222954
11.180473,11.496374,10.891666,10.296755,9.16338,8.272817
11.255837,11.846755,9.889961,10.594897,10.655991,7.080455
11.0897665,12.358237,11.15325,11.888339,11.998248,3.6949797
11.925897,10.501973,10.226839,11.341646,11.091568,7.764148
11.25173,10.838539,10.329815,8.290027,7.9780893,3.3574471
9.3009815,10.6664295,11.638875,9.797918,9.488056,3.2262409
9.941146,10.989285,12.228308,11.998015,12.101635,6.099856
11.47427,11.519771,10.214376,10.27029,9.58901,7.2554836
11.651925,10.700322,8.055174,10.906257,10.400498,9.099136
10.5921335,11.29824,10.962742,10.36823,10.278249,8.353767
8.723526,10.304404,11.2542925,10.743692,10.193777,7.242393
10.391545,10.004699,10.727678,11.136959,11.197443,7.359582
10.651746,10.5272875,11.936419,10.752406,10.754341,6.4089837
11.126529,9.1496935,10.167508,11.178598,11.220161,8.108646
11.768567,9.405678,11.55752,10.819319,10.689216,4.913208
11.8304,11.45755,10.572386,10.905973,10.536313,6.9349256
12.378919,11.681202,12.625608,11.16246,11.186005,7.3805647
9.298296,9.614288,10.401044,9.838318,10.4865,3.5449443
10.839587,10.86718,9.833489,9.069727,8.627438,6.7659783
11.433161,9.987602,10.321209,8.896362,9.128979,7.318943
11.310367,12.304925,10.296482,11.678929,10.661554,4.0129566
10.54046,10.113563,11.685884,9.58886,9.0984745,7.5230236
10.175662,10.578691,10.808978,10.743293,10.628664,6.6552434
12.1328535,12.376016,11.274421,12.070568,12.038992,8.412169
10.892009,10.194583,9.185528,9.776501,9.660683,6.910447
11.952213,10.870992,10.916791,10.694322,10.827147,6.7720094
10.655581,9.621458,8.907932,9.399274,8.419396,6.5033746
10.8594,12.223636,11.250037,11.018761,10.03108,6.185111
10.3037,11.300029,12.229086,10.476624,10.502224,6.9770007
11.1881275,11.804232,10.019264,9.602023,9.858446,7.991103
11.244704,11.453017,6.868099,9.486847,7.8407373,6.468178
12.15502,11.404011,12.127176,8.4838295,9.490631,6.43485
10.527098,10.443872,10.620365,11.114056,9.924631,6.7527494
10.829002,9.50969,10.543219,10.697019,10.635323,5.865673
10.505294,10.965994,9.86174,10.095363,8.404653,7.7429385
11.341555,11.67302,11.417536,9.846305,8.904729,7.5859423
10.957968,11.220312,10.779611,10.574716,10.4885435,6.6085205
10.093506,10.117284,10.793179,10.842242,11.0847845,8.182476
10.647989,9.773573,11.164396,11.039277,11.177357,8.124118
11.656997,10.655386,11.241726,10.785277,9.993708,8.160717
10.315096,10.9580145,9.662442,10.936613,9.813639,5.8287573
11.879643,11.216818,10.657742,12.233875,12.196307,7.1918507
11.819738,10.958125,10.285414,11.11235,10.753989,6.479269
11.011478,11.380745,11.040231,10.265021,10.1967325,7.5844336
11.751527,11.636507,11.085173,11.484913,11.291349,8.421135
10.468371,9.835868,9.952643,9.677181,9.642104,8.273723
11.734479,11.482744,10.518019,11.649405,11.169627,7.1316514
11.332793,11.430781,12.92731,12.479884,11.15088,6.6570253
10.537138,9.380334,9.828763,10.459697,10.591791,7.0007906
10.393894,11.656797,11.3015175,10.733841,10.546484,4.0896335
10.274438,9.962615,9.514307,9.77198,9.33979,6.423664
10.310594,11.627574,10.380947,11.224785,10.914225,7.7155805
11.75038,12.107527,10.149597,10.582257,11.13554,6.880857
11.410064,9.902477,10.876558,10.281211,10.401204,6.894367
10.362095,11.626889,11.699556,11.516361,9.6988,6.3080263
11.925274,11.756556,12.268285,12.632937,11.932294,6.540438
10.403779,11.595564,10.918659,11.042827,11.080689,5.9079823
11.016285,10.699391,8.833533,10.6710005,10.771357,7.7936287
11.293393,11.582151,10.538353,11.893757,10.988143,8.800653
10.994231,11.036619,9.515808,11.670882,11.458772,7.8030043
11.872637,11.4928055,11.224022,9.557833,9.791646,5.813199
10.096975,8.395074,10.436632,10.46388,9.9145565,6.9608707
11.65202,11.530041,11.627664,10.282164,9.59708,6.7521353
5.504389,10.071312,8.9998665,10.427591,9.987898,7.387022
10.596815,10.802519,11.195621,9.850628,9.63755,7.823117
10.826149,11.160905,10.504511,9.640709,9.301365,4.986649
11.850351,11.787867,11.387726,11.547193,11.810905,5.080851
11.814911,11.396872,11.925833,12.985948,12.340751,4.2786775
11.051424,10.7551,11.936603,11.086199,10.479689,6.9134307
9.893998,10.914463,9.714821,11.086925,10.917809,6.797121
12.515801,11.54186,12.032846,10.681816,10.835924,8.381798
12.655099,12.350668,11.211802,11.485474,11.501958,6.878471
11.160334,11.395029,11.961452,11.097634,10.389629,7.1484256
11.055727,9.776346,11.501387,12.224734,12.141989,6.927915
10.362156,9.469339,8.480426,10.562293,9.284451,5.996871
11.295743,10.894763,9.561247,10.916854,10.995308,6.6012797
11.154958,11.323038,10.459184,10.163269,10.155407,6.489229
11.481764,10.970947,10.649333,11.670559,11.779259,8.300339
9.43073,8.788296,8.599528,9.414847,9.09734,7.626959
11.531014,11.6009035,11.5770445,11.619765,11.595084,7.5136576
9.9237,10.492932,11.462131,11.386576,10.720806,6.5278006
10.888159,9.238204,10.665823,10.736927,10.578065,6.8869185
12.608664,11.762569,10.123105,12.2916975,11.4354105,7.5919623
11.574614,12.217909,10.707103,11.975926,11.994936,5.7431207
9.230847,11.020969,10.351889,9.491991,9.479765,8.720296
11.296352,11.080321,9.339584,9.679726,9.567857,3.826054
11.67288,11.133926,10.339898,9.789799,9.357699,7.371633
10.793779,10.444445,10.717393,9.24134,8.733691,8.3247175
10.418286,11.148947,10.268712,10.415603,10.766131,7.5862913
8.994209,9.702917,10.569562,10.911441,11.011858,5.5396624
11.338975,10.954148,11.324725,11.3924265,11.4129715,6.6998005
10.668335,9.793201,10.719293,10.104245,8.667731,8.422123
11.949868,11.306546,9.937705,11.556944,11.030323,4.5993094
7.1594815,11.343916,11.29443,12.487181,12.47186,6.328029
11.706278,10.753263,10.578196,11.213282,11.581127,7.85492
10.64733,10.681205,12.014477,10.863685,10.936338,4.9153357
11.84523,10.619934,10.821075,11.342206,8.509212,7.064087
11.961131,11.202413,10.381474,11.176792,10.791292,3.8021579
11.038923,11.448413,6.180545,11.669371,11.556255,7.2732234
11.658838,9.921378,9.747503,10.105945,7.905009,7.007273
8.806713,9.627314,9.262978,9.388522,9.611552,8.082146
11.086187,11.233024,10.395213,9.921034,9.96415,7.2844014
10.678225,11.4874735,10.731662,9.23056,9.258964,6.830719
11.057291,11.624346,11.109104,10.741294,10.521598,6.0158386
12.538551,10.62581,9.301606,11.9056835,9.887684,7.780879
12.574665,12.312566,12.14297,12.304801,11.515573,8.25306
10.894667,11.471839,11.736742,10.898895,11.074314,4.2291207
11.240223,10.790077,10.746814,11.470282,11.775146,6.510361
12.423647,11.064228,10.023022,11.789994,11.1866,6.3178377
10.967827,11.34652,10.53594,11.539153,10.9026575,3.303818
9.541089,9.9442425,10.157447,11.0568905,11.126466,6.09371
10.583698,11.55659,11.8794,11.108651,11.102053,6.737063
9.886082,10.335151,9.615567,10.612716,10.625274,4.4091744
11.22389,11.384133,11.369412,10.414295,8.532966,6.3142624
11.993591,10.690712,11.486295,10.823054,11.018923,7.8102217
9.434685,10.137079,11.3308,10.90809,10.731605,7.2438183
10.333118,11.610825,11.7235,11.274653,10.985655,7.552806
10.01331,10.455547,9.5436,11.306292,11.150197,6.272275
10.748552,11.458248,11.28819,11.3771515,11.6359825,5.780947
9.588213,9.721869,9.393463,8.698861,8.824651,7.876198
11.023948,11.30189,11.337559,11.127204,11.146657,6.198694
10.370647,10.4321995,9.901405,10.116394,9.293185,7.6763325
11.394763,11.76025,11.063062,9.267082,8.984337,6.986291
10.646441,10.092072,10.514959,11.006913,11.081867,7.5798607
11.398622,9.1642685,11.575624,11.867247,11.007242,5.7894917
12.254838,11.19157,11.392412,10.46767,7.950259,7.214897
12.669725,10.943478,11.557856,11.70646,11.668564,6.421426
10.881028,10.839789,10.954974,12.04588,11.41589,7.0657935
11.497112,10.506774,10.421362,10.362203,9.42974,7.9146957
11.163714,10.718194,10.489083,11.274882,10.56886,6.973754
10.262639,10.435623,7.0652127,9.04306,9.305128,8.270623
11.393327,9.014297,9.941839,11.85763,11.995279,8.416084
11.508046,10.578625,11.180965,11.08023,9.769239,7.5430665
10.288871,11.453395,11.383455,8.695137,7.9952955,7.5173106
9.819253,9.280929,10.579001,9.244388,9.236044,5.446713
8.601176,9.352505,9.703674,10.746844,10.629649,7.48301
11.489768,11.472259,12.388492,10.999685,11.441178,6.683007
11.68388,9.942413,11.3322315,11.155442,11.190573,6.3998866
11.780869,11.951218,12.2053795,10.534273,11.132342,7.178082
9.245004,10.582575,9.703306,10.201462,10.244934,7.590137
11.039918,11.477905,10.956077,11.405365,11.304687,8.407666
12.539989,12.026534,9.997571,10.505681,10.338755,7.7179804
11.720501,10.2922535,9.527922,10.429742,10.309785,7.8418865
11.627015,9.935906,10.07575,11.049303,8.732587,7.8416033
11.402338,11.055378,11.325454,10.39189,10.402252,7.188922
9.922776,10.060775,9.553436,9.390285,9.178707,7.3542237
11.586535,11.411984,10.340889,10.472698,10.46013,6.807501
11.40741,10.897659,10.140412,10.366812,8.191481,8.178982
10.951055,9.230574,8.407066,10.0730295,9.813676,6.131936
11.238617,11.183331,10.97432,10.747108,10.5188675,8.30002
10.646261,11.0440035,10.552298,10.844477,10.981799,7.453182
12.051765,12.073519,9.682483,11.706027,11.858973,7.9030013
11.100607,9.032352,10.92819,11.172983,10.908505,5.0178843
11.422976,9.803507,11.682213,10.543022,10.049926,3.6517148
12.101619,11.358282,11.361936,11.299822,11.382178,6.0541964
12.07842,12.189674,11.540458,12.256738,12.351682,7.6815357
11.753318,10.607521,11.778568,11.650089,11.737102,7.578719
11.670682,11.480898,8.149838,11.86332,11.900978,6.078151
10.780632,10.838254,11.583014,10.818626,10.54942,8.7694025
11.084008,9.508776,9.463063,11.543585,11.8447695,6.115485
10.5019865,8.9551115,9.1726055,10.456938,10.647821,6.83148
10.9620285,10.411871,9.815963,9.757558,9.165976,4.9179487
10.754994,11.467883,11.396774,12.012514,12.057602,7.1293507
11.898914,12.393907,10.29054,10.504194,10.987087,6.568968
9.651332,10.101447,7.996003,10.527557,9.735462,6.3927565
10.221803,10.946578,10.261199,10.154467,10.018572,7.29942
11.309539,9.724643,8.684431,8.736544,8.505846,5.2741694
11.475728,9.116461,10.627245,11.251319,11.652817,6.658821
10.572333,11.720555,9.647379,11.172161,11.212376,9.265553
11.122304,12.006901,12.143801,10.739799,10.229045,7.5894012
12.654814,12.078503,10.672535,11.627981,10.82395,7.528819
10.583059,11.456115,9.967158,11.56798,11.805344,5.8830485
10.082388,11.671774,9.498343,10.901974,10.104536,7.7055316
11.560939,11.005864,10.012276,10.775654,10.561044,8.837142
12.135164,12.94013,12.208217,12.188769,12.22121,4.3055787
10.534313,7.71508,6.7181864,9.466619,9.694849,5.4700747
10.910899,10.830738,10.346045,10.477048,10.568871,7.757844
11.683774,11.884638,11.406792,10.815779,10.851478,7.257939
11.111265,10.714544,11.389784,10.69705,10.266249,7.519289
10.891915,9.804927,8.590419,10.561128,10.219793,7.146544
9.557255,9.430013,8.933904,9.061236,8.865092,7.4463625
10.64884,9.159719,10.923656,11.25285,11.298583,7.5424113
12.242722,12.125395,10.285411,10.599774,9.992876,7.62545
10.448937,11.699403,10.215128,10.6804905,9.513581,8.027661
10.617043,10.476978,10.274225,10.053958,10.071083,6.4988456
11.564918,11.100281,11.209696,10.891177,11.025236,5.613991
11.918777,10.577401,11.684996,11.641405,9.989469,7.1816125
11.205009,9.576257,10.603536,11.654757,9.535267,7.701929
10.460262,11.221576,10.479468,12.113522,12.029683,7.3744626
11.003392,11.030138,9.297689,11.5415325,11.115628,6.0698595
11.123357,10.092217,10.533412,11.615434,11.708504,4.7233505
10.51306,10.216208,10.250047,11.207858,9.766696,7.1278343
10.759897,11.60643,9.28582,11.781006,12.093003,7.4025326
12.196607,10.909488,10.257576,11.609012,11.600063,3.8084326
11.291792,10.682904,10.293972,9.667048,9.200941,7.909106
12.428279,11.706074,9.497146,11.37906,11.309731,8.397856
11.114059,11.714098,10.548722,11.327634,11.224346,7.8809986
11.836235,7.798439,11.105018,9.76019,8.72473,6.7758236
11.376817,11.120919,11.118346,10.944748,9.731265,6.950812
12.016817,11.275717,11.957342,12.28712,12.172932,8.384159
9.977037,10.85157,10.428772,9.346045,9.572283,6.069993
10.365651,10.940257,10.827203,11.246961,11.387343,7.9325404
11.420225,11.6237755,11.716099,11.160062,11.385649,6.6021247
11.733511,11.404027,10.141849,11.7759495,11.811448,2.2398477
11.477007,10.915588,10.353859,11.239737,10.572283,7.557659
9.840209,10.96679,8.917755,10.807843,10.358907,5.6478596
11.778561,10.790016,11.427925,12.291159,11.06347,7.9191027
11.168626,11.065474,9.852626,11.965924,11.615259,7.8026423
11.987222,11.280025,8.651531,11.99034,11.949652,7.8452415
9.823473,9.858742,10.058527,10.479992,10.004075,7.7525115
11.824223,11.158449,10.068246,12.02937,10.62651,6.5276346
9.570077,10.60099,11.479459,11.311097,11.113749,7.8343863
7.447889,10.61175,10.622804,11.567095,11.838154,7.793318
10.665628,10.776404,10.149027,10.99029,10.663475,5.773488
10.543528,10.505815,10.697119,11.560303,11.329908,6.3346853
10.50987,10.884287,11.151341,10.361461,10.222805,6.397869
10.52341,10.977594,11.244102,11.476807,10.532203,7.370747
11.854762,11.8180895,12.094366,11.903215,12.014285,6.7431483
12.305417,12.086623,10.162357,12.145359,12.197494,7.4374394
11.493315,11.344173,9.864421,10.435047,10.740049,3.4528928
9.933745,9.242843,8.40641,9.385178,9.798611,6.606034
9.606783,10.59648,10.591339,11.332891,11.705251,3.5821753
11.625759,10.649045,8.867601,10.695356,10.766335,5.043086
9.20539,10.346238,10.378292,9.673199,9.721048,2.9031382
10.120831,10.294439,9.249936,10.126204,9.402082,5.6047945
12.089489,9.9414215,8.6655445,11.461123,10.918352,8.080261
8.996039,8.366221,8.021357,10.2908945,10.131528,8.42851
11.465989,11.555994,10.892435,11.23231,10.762888,3.4719622
11.450276,11.562494,11.286757,11.657981,11.640297,7.3352385
10.8170595,10.152212,10.393554,11.080376,10.796705,8.312773
11.21348,10.986068,11.167397,10.927468,11.331924,8.7125025
9.505934,10.290423,10.579742,10.676051,10.364974,8.391753
11.053246,10.193936,10.501486,11.408712,11.475192,5.9266224
11.274107,12.728868,11.292845,11.363388,10.994084,6.753627
10.202317,9.941363,11.563561,11.731191,11.878565,7.6322994
10.845723,10.36264,7.7060943,9.550852,9.543598,7.889716
10.990417,10.926541,11.036713,11.147785,10.896404,7.315037
12.77917,11.181034,11.746009,9.792845,9.794382,7.5837
11.376436,11.344796,9.515348,12.009431,11.956074,5.8623805
11.8173895,11.359852,11.034959,10.72141,10.910433,5.4555726
11.69206,11.942199,12.019308,11.240589,11.238306,6.755399
10.074157,9.729568,11.444921,11.866615,12.088402,7.711628
9.783854,11.577743,10.597441,10.264554,10.854925,3.6232371
11.273903,10.337076,9.468736,10.878711,10.093807,4.371798
10.80143,10.148165,10.850037,11.465325,11.480476,9.058451
11.942802,9.26353,9.28096,11.33736,11.388836,7.3021913
12.424884,10.533722,11.703968,11.12367,10.690159,6.8925943
10.14934,10.17443,10.704038,9.882889,9.697265,6.525194
10.94822,10.540927,11.083878,10.5996895,10.664932,7.454031
11.5853195,11.394374,11.558142,11.482038,11.255782,6.769478
10.955484,12.937421,11.312228,11.629946,9.376446,3.2885573
11.084395,11.358813,9.116006,9.973243,9.898104,6.3546753
11.954923,11.840413,11.545083,11.789766,11.64644,8.823699
10.800793,11.112647,10.311562,11.812736,11.94793,6.1608686
11.938614,12.097948,11.7710705,12.48831,12.340314,4.3810906
11.2945595,10.342193,9.484634,11.206635,11.463454,7.3111486
11.246332,10.614603,10.926071,9.862967,9.968998,6.0352783
10.819884,11.592871,10.067398,10.078421,10.084492,7.173687
11.298963,10.041729,10.212952,10.839942,10.907167,7.138282
11.010727,11.5860615,11.780107,10.261888,10.02271,5.7762694
10.57065,9.548749,9.106811,10.267183,10.372231,7.41347
11.414735,10.572843,10.54642,11.141259,11.215918,7.549347
10.600719,10.998981,9.614072,10.308041,9.812584,7.0783987
11.379186,10.454373,7.999071,10.793164,9.881304,5.355645
9.423954,10.985168,10.198528,10.653635,10.438402,7.00092
7.8687525,10.304963,11.216471,9.741553,9.960036,6.606732
10.664753,10.620749,10.61463,11.260534,11.261869,6.683808
11.306773,11.427325,11.508991,11.12549,11.20968,8.122537
11.39006,11.155434,10.873884,11.1751375,11.327726,7.5499372
11.303917,10.055295,11.656894,10.627145,9.663696,5.7664084
10.573932,11.131077,9.332677,10.138841,9.920935,6.1402698
10.728403,12.010969,10.655804,11.457177,8.171189,7.8131976
11.739084,11.574267,11.659159,11.050423,11.370369,7.109165
11.541804,11.197441,11.113197,11.658616,11.805057,6.604789
10.546337,8.43102,10.211913,10.624609,10.836093,6.728541
11.052167,11.363272,11.206609,8.827759,9.2929,7.079013
11.532679,10.519843,10.343929,11.37268,9.560983,6.5306993
11.038522,10.817644,10.519701,11.233766,11.399485,8.377982
9.76351,10.287785,9.151371,10.334605,10.039075,7.890609
11.35169,12.108114,11.822697,11.28966,11.141243,4.6875305
10.238549,10.339133,8.663958,8.7199745,8.957105,6.50762
11.137071,11.275732,10.669307,10.5870695,10.014007,7.784996
12.787882,10.463483,11.614562,11.591677,11.137026,7.42423
9.700406,11.260058,10.934463,11.130368,10.064943,4.922387
11.954391,11.282985,8.0906725,11.798055,11.606589,2.2339468
10.756276,9.61243,9.402669,9.974396,9.931137,5.9182243
12.060515,12.396851,12.0785475,11.3194,11.394062,5.206885
11.910956,11.198892,11.061662,10.650769,10.090888,8.378595
10.973373,10.270173,10.652048,10.337313,10.308645,7.2274647
9.913126,10.199433,9.902561,8.727566,9.154409,5.8462634
11.346085,10.315894,12.334166,11.91105,12.01353,6.749158
10.500359,10.663035,11.884542,11.280263,11.180525,7.4193425
10.122336,11.005133,10.074745,10.334952,10.264043,7.528448
12.237675,10.089552,9.263547,9.288074,10.131735,7.477931
10.329844,10.691007,10.693102,9.664304,9.476908,7.6903286
10.575915,9.424308,10.276738,10.931971,11.139952,6.3575845
11.734037,12.207727,11.579224,10.75257,10.5364485,6.089834
11.334372,10.650153,11.079293,11.377268,11.054326,3.0448704
9.142177,9.847583,9.600269,9.735509,9.297487,4.3697395
11.476182,10.898491,11.257684,11.345475,11.324165,8.453647
11.539319,10.585154,11.101519,10.365034,10.610108,6.3208065
11.038936,12.669021,9.00181,9.303814,9.287052,7.7697678
12.430641,12.079496,10.240041,9.881793,9.944067,7.5816865
11.810848,11.20239,10.482365,11.271801,9.771354,8.397568
12.173949,12.010115,12.564456,11.181472,11.364225,8.048676
7.0538,11.351227,11.344865,9.866106,10.239845,7.4483595
10.80971,11.818666,10.718252,9.241783,10.16496,4.97072
10.134683,10.551125,9.868555,11.238266,11.267566,6.488661
11.840458,11.055975,10.829553,10.899241,10.396895,8.137049
10.771984,12.539886,11.672073,11.618591,11.760216,7.2812815
11.137795,11.69274,11.186267,12.122196,12.0574255,6.374169
10.559172,12.436694,10.893078,10.677481,11.041189,5.954379
12.37891,11.5696335,11.804603,10.88449,9.200358,5.5329027
11.064593,11.153592,10.940801,10.817922,10.142666,6.399143
12.842993,11.88183,10.958597,9.125925,8.04932,7.102844
10.0288105,11.478947,9.5188465,11.586954,10.092313,3.3365602
10.530483,10.65316,9.997103,11.607654,11.05272,8.118006
11.837078,11.425692,8.843652,11.787307,11.742624,8.44086
10.809282,10.383251,11.112053,10.47131,10.470387,7.9617214
10.837317,10.03856,10.258964,9.7038965,9.571129,6.8938413
10.574184,11.5730505,10.251256,10.81802,10.975732,7.608857
11.579662,10.039695,9.870218,10.474504,10.653756,7.6603346
10.544683,10.424713,10.2105055,11.04814,9.625598,7.111908
11.970117,11.855152,12.309527,11.136273,10.95689,7.345513
11.520625,10.484257,10.487442,10.63817,10.82174,7.3827224
11.093551,9.725814,9.634473,10.930184,10.916332,7.5321617
10.843677,10.159304,10.030236,10.576023,10.846792,8.245569
9.833487,11.251467,11.085278,9.967447,8.939213,5.737854
11.251014,10.283086,10.80113,12.372877,11.382146,7.4047203
11.302883,10.768963,11.332404,11.248804,8.760931,6.6705084
11.615371,10.451649,10.725952,9.930758,10.35425,3.8856444
11.35026,11.263931,11.711019,10.696934,10.913246,8.338705
9.685694,12.0121155,10.394573,10.511679,11.141076,5.591386
9.498285,10.261914,10.251942,9.114941,8.932489,6.916526
10.15237,10.981288,8.8498535,11.278758,10.174161,8.788816
10.950411,11.054516,9.876423,11.608784,10.492812,7.0608363
11.173551,11.092465,10.171171,11.803688,11.497065,7.437086
11.325901,8.98095,9.509027,11.558131,11.330296,5.035164
10.664034,11.161648,11.333763,9.475103,7.714054,7.089841
12.040595,11.414998,9.982882,11.371189,9.260774,7.112412
11.512351,10.764955,10.770267,11.617612,11.248381,6.7018504
10.361039,11.401787,8.015784,11.344458,11.490569,5.7609887
11.763487,11.639437,11.554788,12.219017,11.976093,8.4629965
11.323556,10.950435,8.266398,11.393148,11.26757,5.372067
10.562346,11.908928,11.347424,11.267029,10.360689,6.20005
11.277907,9.254538,9.327988,11.901155,11.353351,6.914379
10.939274,9.521294,10.197785,10.685545,9.34762,7.965495
11.568887,10.842567,11.918324,11.106596,11.008485,4.4911714
11.567128,11.112872,12.195491,10.280964,10.5374,7.620199
11.758713,10.539745,12.312006,11.97997,10.369255,6.3621297
11.927381,10.87211,10.716986,11.424426,11.311937,7.786977
10.509704,10.781371,10.021891,9.305452,9.45235,7.7920227
11.867252,12.132318,10.635419,11.302185,11.162437,7.5476274
12.129637,10.755879,11.027559,11.108418,10.320634,6.995991
10.722044,9.951656,10.086336,10.370044,10.880142,7.0416327
9.5882015,11.140667,11.304049,11.192218,10.500864,5.726163
10.186842,10.972277,11.099053,11.397812,11.330093,4.195403
11.185874,9.565652,9.517646,8.39372,8.507269,6.242799
11.101117,10.859371,10.4600315,11.857235,12.017017,7.109352
11.591354,10.155713,10.218721,11.372159,10.932959,7.369827
9.879401,10.810725,11.505436,10.648716,9.903437,7.04937
12.589828,10.479623,11.70344,11.445314,11.075141,3.4769125
10.959249,10.986778,9.323098,10.827087,10.722023,5.9414434
10.584356,11.054515,10.524953,9.975483,10.379865,6.369994
11.584023,11.455892,11.986947,9.985159,8.433296,6.4464793
11.7827015,10.548144,9.424023,11.169528,10.670183,6.5355783
12.636417,12.735088,11.360611,10.172046,10.177892,7.7555885
11.4983425,11.322504,10.42314,10.364108,10.518135,7.092442
10.864753,9.937886,11.262075,11.51525,10.124051,7.252636
11.306509,12.014538,10.058632,11.165278,11.290317,7.711604
12.381595,11.400786,10.875578,12.596756,11.760135,6.0735846
11.498842,10.378666,11.214044,10.377725,10.797211,7.491356
10.06167,10.2284775,10.676099,10.875023,10.516659,6.9543715
11.223138,11.3548565,10.696985,10.734958,10.767529,6.753355
12.712415,10.742516,11.827804,10.565055,10.313659,8.289721
10.172251,9.617424,10.45545,10.263682,8.224722,6.9189363
11.086138,11.823169,11.784392,11.1795635,10.262476,6.946347
11.065751,11.552287,11.600008,10.102213,10.354392,7.3434486
9.400345,11.045799,11.174655,10.623443,10.55097,8.432882
11.297037,11.524711,10.511122,11.387288,11.426442,7.8577547
12.091587,11.255749,11.4597,11.245106,11.2680025,7.8266983
10.6293545,9.75826,9.954033,8.599092,8.525552,7.3692985
10.725553,12.585917,9.060423,10.717084,10.597042,5.2539616
10.4584875,11.381619,9.466103,9.49005,9.4669695,6.738349
11.651775,11.14047,9.827487,11.874388,12.068653,5.728088
11.1326885,11.395133,10.199075,11.221415,10.576045,6.4665704
9.279722,9.49741,9.942635,10.081525,9.552178,6.026367
9.905086,11.573104,10.395724,11.651303,11.247465,7.0373116
10.967949,11.381393,10.394743,11.653339,11.56509,6.7049894
11.199609,10.141467,10.886362,10.5425625,9.717015,7.9178743
10.929279,11.190753,9.490379,10.959275,10.9265375,6.169859
11.954747,11.389933,11.360693,11.551721,11.530857,7.8643236
11.170095,11.794391,12.000912,11.376471,11.152348,6.7524633
10.899443,11.959294,11.176661,11.678996,12.064175,5.1266603
11.936977,12.005061,11.933898,11.640787,11.427987,5.073836
12.392959,12.14908,11.782904,12.075537,11.775011,8.276779
10.276611,10.823742,9.744953,9.292357,8.3909645,5.8672123
11.42699,10.876548,9.651618,9.160678,9.670245,7.4389086
11.48225,11.224889,10.887018,12.274781,11.542374,6.843391
12.282342,12.681183,8.191649,11.505817,11.254071,5.235235
10.108226,9.498568,8.907023,10.050757,8.958059,8.162379
10.843382,11.118933,10.734059,10.531242,9.765149,5.1655564
9.8012085,8.067526,10.652286,10.202704,9.383821,6.638536
11.591653,11.449396,7.379904,11.945257,10.897034,7.229637
10.833969,10.397584,10.412706,10.520658,10.6936245,6.615055
10.999489,10.144419,11.452083,11.290839,11.221846,7.416321
10.490196,10.680644,9.719536,10.595107,10.6570015,4.1044006
10.94234,10.006723,10.446003,9.781865,9.798383,7.8860693
11.393211,11.05955,10.9363,10.84842,9.952122,4.315721
10.935717,10.960547,10.571196,10.648654,10.732193,6.868332
10.881632,10.164055,10.69806,10.492171,10.718424,5.8973956
9.490402,9.728581,7.320184,10.749803,11.102126,6.3218656
10.730407,11.8377285,11.879898,10.867113,11.279598,3.8854163
9.768794,10.873884,9.212313,10.113815,9.401358,7.536341
11.231321,11.354313,11.4223175,10.6057415,10.321668,4.5921745
11.834452,11.519772,10.185443,12.080948,11.649963,6.7861547
11.840788,10.127664,12.407303,12.01153,11.176059,7.2996116
10.620698,11.51473,9.658551,10.159954,8.062303,8.509858
11.525799,10.698749,12.420973,11.013322,8.713477,6.8295503
9.1840315,12.368684,12.405653,10.603784,9.639474,7.191326
10.648005,11.286884,11.352465,11.4567375,11.621571,7.320988
11.26704,10.760162,10.922978,9.959669,9.061961,6.9506197
9.08236,10.454222,9.047358,10.994071,11.291618,7.587145
11.246706,10.815366,8.344921,9.985618,10.058064,7.3750706
10.636346,9.423227,10.814307,9.458301,9.584099,8.327583
10.6509495,9.840491,10.382274,9.407848,9.67346,6.7606087
11.656208,10.811731,10.235194,11.795262,11.050451,5.892301
11.1258955,8.194654,10.141502,11.315264,11.923851,6.6400495
11.122626,9.997336,11.03825,9.874175,9.937123,5.907345
11.349811,10.756689,11.036882,10.481682,10.041565,5.31625
9.366064,12.153573,10.940594,11.070265,11.196616,5.4030037
10.905698,10.672318,11.371298,10.331957,10.386985,7.572471
11.590369,11.146489,10.245831,11.458391,11.389613,6.884427
10.813162,10.008032,10.113835,10.614801,10.856328,5.9024615
8.438063,10.238219,11.521109,9.964629,8.929514,6.9395432
10.717176,9.732984,10.892664,9.589506,9.439082,6.8749223
10.240638,11.128746,10.203888,10.135343,10.258365,6.892264
11.454687,6.9533587,8.378498,9.331971,8.38058,8.580751
10.5166,9.098033,9.307884,10.346765,10.4328,8.744836
11.813921,11.303347,11.043028,10.309187,8.267069,7.0216
12.00512,10.788466,11.060894,12.166356,11.86893,3.6160111
10.474291,10.329727,11.072552,11.064722,10.383263,7.4976616
11.542328,11.625603,10.914394,11.555309,11.733553,8.432954
9.993187,9.814328,9.271187,10.187313,10.407402,6.310413
11.686473,11.082382,11.004383,11.100191,10.948366,6.5285206
11.458371,10.583323,10.445621,9.995016,9.713947,5.246304
12.084256,11.303579,11.922569,11.346323,10.927617,8.091734
11.474081,11.697542,10.333337,10.944755,11.03442,8.507139
12.330637,12.761414,11.455106,11.104298,11.017614,7.6522713
12.076715,11.410408,10.159804,11.570741,11.686858,8.558979
9.49868,11.828552,9.251004,8.943828,8.508931,6.4281087
12.306656,10.341763,10.7083235,11.814552,11.519185,8.001031
11.305318,9.585806,11.201032,10.706997,10.743292,8.087025
10.34265,11.305935,10.636109,11.040466,10.288078,7.6848974
9.0583725,11.607341,8.086892,11.003737,11.243037,4.5760016
9.94371,11.224878,10.412114,10.323345,9.233488,7.5912657
11.955966,10.151634,10.669139,11.494478,10.275324,4.824775
12.311533,9.985498,11.592321,11.905329,11.988235,7.289782
11.182978,10.025803,9.171356,9.525496,9.764521,7.3435135
11.611497,9.154889,8.253242,11.274013,10.387576,6.87908
10.487677,10.570632,9.558809,10.538619,10.858015,5.568147
10.090833,10.906985,10.692928,11.058028,11.101095,8.678662
13.126413,12.307339,12.62299,12.017879,10.096281,5.031166
10.474478,11.160817,10.684784,11.129422,10.449002,7.690097
11.174149,10.833616,10.841606,11.1693535,9.989408,6.8621097
11.205482,10.315205,8.99294,10.590343,10.058843,6.7056704
10.11908,10.374891,7.9631753,10.194268,10.776317,6.6459413
11.210194,11.229141,10.420306,9.083012,9.282804,6.840929
11.100886,10.485174,8.402895,9.879836,9.635145,7.2062273
9.857383,10.280364,10.131069,10.419288,9.425882,6.1193447
10.715321,10.421595,8.939917,12.055177,11.679903,6.6844187
12.26204,10.581771,11.079386,10.57009,9.750534,7.287184
10.071102,9.245301,8.24725,10.660823,10.89272,8.100471
10.8996935,11.09488,9.871013,11.541398,11.484731,6.7172213
11.977837,11.331705,11.034691,11.373473,11.579121,7.511745
12.252502,11.88177,10.639737,11.93911,11.847179,7.250336
11.210339,9.700406,9.23587,10.223362,10.092893,6.200386
11.384254,11.198824,9.458766,11.292769,11.217026,7.4172306
12.377372,9.892608,11.388717,12.55493,11.098227,6.4269776
11.151201,10.519694,10.116838,8.973631,9.31559,6.2199016
11.594888,11.766972,10.1864,9.724004,9.78612,7.705383
10.878277,11.02734,10.130274,12.33544,12.462753,4.4779034
10.849642,11.220354,10.689398,10.562335,10.983824,4.989018
11.389175,10.49302,10.201883,11.416135,9.307046,7.438996
9.540665,10.025472,11.757553,9.782845,9.373993,6.8900194
12.078674,12.051966,10.372242,10.787902,9.6362915,7.4001985
10.512101,9.078666,8.637047,10.733118,10.176477,7.941922
11.385803,11.462693,11.2283745,10.635934,10.667756,5.1512213
11.303278,9.621511,11.547248,11.430703,11.365522,4.761593
11.245457,9.236304,10.991946,11.231083,11.260847,6.6810555
10.325071,11.346418,10.711415,10.772348,10.989192,6.6242185
11.433074,11.028685,11.205136,11.064536,11.089469,8.063279
11.374804,11.250869,11.273071,10.26645,9.938871,6.912996
11.789009,10.981037,9.851066,11.168726,11.145811,2.499699
10.671305,10.865947,10.296905,10.620238,10.570206,7.264316
10.046378,10.460202,9.865888,10.866362,10.268676,6.2230377
11.305752,10.470838,9.312017,11.213868,11.341061,7.640772
11.257168,11.824685,11.237036,10.914399,10.819204,5.9264703
11.757212,11.284729,10.203022,11.436505,11.345214,7.2366567
9.869544,10.084609,10.4578495,11.551376,11.455686,7.7795296
10.445604,10.222051,10.033603,9.716348,9.850308,7.4613185
8.469846,10.541452,11.338206,8.90781,7.039586,7.7937546
11.072593,10.45109,9.018282,10.361415,9.589003,6.388902
11.673262,11.116186,11.163373,11.051158,10.520977,2.431843
11.956743,11.2118,11.72081,11.135898,10.136893,8.124512
10.900636,10.782542,10.312667,8.885426,9.319335,6.6884346
11.518108,9.85988,6.4074664,10.529541,11.051536,6.764021
11.821631,9.319683,10.287973,10.260004,9.526539,8.107465
11.578617,10.273272,9.729812,11.5883465,11.494028,5.881804
11.855074,10.593477,10.362293,11.377147,11.238396,8.524973
11.2441025,11.624364,11.241915,11.365775,11.226408,6.6902323
11.006282,11.038855,11.431623,10.505195,10.513163,6.989856
12.046798,10.494604,11.351717,11.134632,11.147213,8.289045
11.7441635,10.636925,10.899855,11.00799,11.036837,6.17818
10.613705,10.764632,10.206731,10.125538,10.182101,5.983167
11.091051,9.426264,10.643091,11.296747,11.553447,6.516509
9.464654,10.538007,10.907425,11.05364,10.905217,2.6211252
10.045354,11.001835,10.151047,10.218574,9.875486,6.4892406
11.720988,10.71248,10.307488,10.47273,10.504344,7.892709
11.335271,10.524392,10.260226,10.889125,10.788923,5.5538597
9.116834,11.217844,10.648789,11.001931,11.167365,6.9856853
10.137134,10.125394,10.611865,10.800976,10.438654,6.748041
10.48043,9.302106,9.544413,10.243159,10.527232,6.8492208
12.670876,11.72994,11.278459,12.289757,11.802905,6.4604387
12.786711,11.196825,10.143228,11.528624,11.591412,7.7847424
11.996445,11.196409,11.55783,11.8715725,11.821014,7.9382014
10.667982,9.083433,8.979303,7.938586,8.808673,7.8574333
10.8123045,8.274785,9.392227,11.2471075,11.421297,6.9195876
11.200228,10.328853,10.265571,9.710274,8.160636,6.2768235
11.296274,10.737413,10.033683,10.56791,10.047295,6.254915
11.55122,11.928114,11.052295,11.301874,10.454099,7.996354
9.437023,10.685675,11.134663,11.660929,11.634126,7.1865425
11.525651,10.226452,10.118086,11.000303,10.92822,7.174272
11.562693,11.224062,11.136519,10.3384,9.728205,7.043727
11.524105,10.284806,10.323855,10.34691,10.873631,6.547963
10.919834,11.119364,8.582457,9.915521,9.015492,7.3460183
10.362643,11.891525,12.037038,11.771133,11.966909,8.030278
11.08226,10.606873,10.784409,10.656999,8.749725,7.5345488
9.753705,10.917285,11.48333,10.174072,9.475498,7.2937984
11.750742,11.187874,7.6510115,11.599678,11.113386,5.5455203
11.402963,10.415119,11.366163,12.148634,11.529535,7.2186937
13.548777,11.645294,10.055513,9.4257145,10.031266,7.0567617
9.794384,10.125807,10.355273,8.694584,8.991038,8.458152
10.896706,10.320461,11.054383,11.070166,11.038376,6.8212934
11.2987175,10.018152,8.570974,10.509414,10.984219,6.15683
10.896464,9.527794,8.143019,11.301849,11.356482,7.2070894
10.875783,11.224002,10.628476,10.22776,9.886648,6.8564343
11.75978,9.150816,10.923359,11.106408,10.738294,6.977887
11.956568,10.968918,10.255074,12.066236,11.820293,8.213558
10.608397,11.468219,10.678189,9.520877,8.832878,5.160199
10.74127,11.118846,11.690387,11.98212,12.066208,5.6925845
12.123787,10.605339,11.629871,11.953345,12.0096445,7.988472
8.701925,9.941734,10.50771,10.387745,10.517727,4.487519
10.79289,9.755718,10.483759,9.566373,10.199613,8.734631
11.889935,10.987534,10.669348,10.543454,10.4298,7.4682083
10.492235,9.116229,9.85304,10.1406145,9.924444,8.411211
11.157733,10.526222,10.194586,8.916498,9.72119,6.9585934
12.345411,11.097149,12.301055,11.95205,12.142739,7.04938
12.19189,12.315395,8.654143,12.187176,11.352759,6.2523723
10.288458,7.261929,10.025368,10.518455,10.804278,6.7350817
11.943578,11.164748,11.056338,11.131089,11.117992,8.280106
11.026146,10.999406,11.914971,9.5342,9.356211,6.6247463
11.918012,10.170293,11.170713,9.13795,8.640253,7.7615814
8.584082,11.018852,11.076152,11.255967,10.878158,7.267599
8.855033,10.457238,8.445147,10.808033,10.704952,6.281396
11.595831,9.92947,9.538271,10.287782,9.1962595,7.4111204
11.646111,11.073606,10.981621,10.622015,9.864975,7.6745377
10.521315,10.070585,11.187056,11.49008,11.443194,8.255458
11.878966,11.524511,10.093298,11.76403,11.904906,7.149695
10.969687,10.64602,9.822035,10.011034,8.803777,6.7225904
11.362191,12.533006,11.160429,12.227515,11.944753,8.032499
11.872452,10.85063,9.653183,10.740103,10.673158,7.1794844
11.359018,11.631667,10.362884,6.2320952,7.404769,8.0457945
9.887306,10.724628,9.424264,9.708885,8.58729,7.7650824
9.574141,9.912728,9.752843,9.566344,8.281615,7.948333
10.4913,10.198105,9.276616,10.783649,10.470924,7.276138
11.700795,10.24491,10.561426,10.94512,9.109548,6.9788284
10.498985,10.861362,10.917178,10.792911,9.935382,8.163716
13.093861,12.510005,13.117384,13.42761,13.396035,8.568087
9.386724,10.257816,9.925777,11.31526,10.84124,7.8914423
10.337453,12.471405,13.071732,11.246053,11.548351,6.530947
11.065571,9.561847,11.232226,10.4909525,10.789774,6.8304057
10.467258,10.9627695,10.5154915,11.010808,11.118373,7.2900386
11.851638,11.507412,10.12405,10.647884,10.406771,4.109049
11.282828,10.998389,11.958777,11.107021,10.150635,7.0961466
11.605477,12.282018,10.621967,10.876311,11.520348,7.1004
11.172761,10.712077,11.101255,9.980016,7.3863096,6.823706
8.65366,8.616169,10.264244,9.833955,9.778897,8.049885
10.08199,8.683452,8.581631,10.1018915,10.188526,3.6336236
10.118903,10.853464,9.396733,10.59438,9.163414,7.9573956
11.507348,10.609137,10.553979,11.610986,11.506,6.9890623
8.810979,11.698531,9.446334,11.388765,10.311048,8.322654
12.005456,10.900534,10.341534,10.898424,10.965302,6.6935134
10.381362,9.259491,10.68493,11.329624,10.984802,6.230322
9.885357,11.423172,9.238149,9.419825,9.602919,4.5476727
11.791306,11.101093,10.125646,11.799525,11.36473,7.801571
11.257265,11.456676,10.736691,11.636578,11.554622,5.0174284
10.486534,10.503682,11.803284,10.007404,10.1138525,6.471264
11.4130745,8.430737,9.2828245,11.9814005,11.590818,6.7178316
10.756935,9.282244,7.7743998,10.196194,9.4511795,7.6306543
12.001079,10.594196,8.780532,10.892547,11.470381,8.658052
10.732849,11.1954775,10.11337,10.309586,9.601733,5.407184
9.32313,11.270274,11.307107,9.288139,9.506263,4.3711247
10.2004385,10.123376,9.810662,9.867625,8.914524,4.736905
10.766347,9.943773,11.418435,8.6136,8.803295,6.2066
9.942791,10.62254,11.245586,11.885925,11.8931265,7.3894753
10.463781,10.465672,9.344715,10.162214,9.043544,4.9779763
9.646712,11.210361,11.652601,11.339644,11.244498,7.132373
10.051117,10.320006,9.947853,10.2802925,9.952573,6.482676
9.793665,12.006278,10.58218,11.013292,10.979812,6.7882833
11.407652,10.662418,9.265847,10.421026,11.110987,7.9436736
11.685891,10.056885,11.583048,10.794825,8.855177,7.6440835
10.868206,9.422208,10.026378,9.939515,9.868706,8.007517
11.06683,10.449524,10.466133,11.179021,10.28873,5.812587
12.175509,12.067613,11.611206,11.859062,11.732451,6.147851
12.432236,10.020751,10.894154,11.798773,11.250923,7.012456
12.266312,10.196993,10.695324,12.348203,12.381607,7.318023
10.894291,11.653762,9.820075,9.547846,8.574546,5.759505
10.1164,11.396386,10.422186,11.594907,10.968314,4.8392954
11.232903,9.484116,9.767623,10.65655,10.652669,4.7045307
11.02643,10.638793,10.282259,10.719027,10.00896,7.6353474
10.192236,11.339916,11.125433,11.317701,11.380989,5.0230002
10.892735,10.366002,8.373848,10.882943,10.786677,6.9572763
10.033559,9.900541,9.138975,10.325086,9.558791,7.2023067
12.319435,10.928764,11.43712,11.383652,11.195808,8.148186
9.369565,9.795397,9.0724125,9.641909,9.714334,6.2736664
13.031477,11.199485,12.046952,13.502479,12.991257,8.112831
10.878068,10.340857,9.747565,10.470024,10.200963,7.7038918
11.585789,11.269991,11.001855,12.3819065,12.450234,7.778283
11.062346,9.434546,7.8284616,10.763725,10.445873,6.8130245
11.047163,11.716261,10.02808,10.787329,10.707784,7.760748
8.971056,10.840119,10.756647,11.061932,11.157988,5.0615325
11.042598,10.377757,7.0712605,10.221416,10.934028,8.377664
9.920915,11.298671,9.681459,11.291631,9.94438,7.7746773
11.878197,11.96116,10.3533,6.2730303,4.4049,7.284955
11.31672,10.381731,11.792227,11.971113,11.548388,7.0582504
9.968736,10.769193,9.117071,11.810689,11.88122,7.3605475
12.666488,11.128895,10.512199,12.38063,11.707291,8.288025
10.690098,10.80625,9.91816,10.645162,10.706757,8.618901
10.907612,9.425226,9.055879,10.681505,10.692163,7.025031
10.822846,10.13441,12.005444,10.865363,10.936752,7.6747293
10.922204,10.52177,9.797455,10.13394,7.893004,8.267167
12.399988,11.930086,10.9642725,11.080835,11.498534,5.1199255
11.41836,11.0785885,9.843168,9.955433,9.514645,6.849862
10.96322,10.968901,10.9707155,10.546146,9.883139,6.9139404
10.816064,10.93013,9.114421,9.914492,8.926238,7.3236203
11.354332,11.418514,11.118363,11.170692,10.910619,7.1326504
11.661462,11.536959,10.947902,10.787222,10.265269,7.041247
11.278545,9.753411,9.149137,10.616665,10.397132,7.867579
11.823833,8.385514,11.3163,11.087006,10.537402,7.244381
12.184366,10.944919,10.942538,11.235154,11.20897,7.321208
12.387337,12.859746,11.816395,11.768383,12.0348215,3.0526922
10.123481,11.007699,9.974527,9.688431,9.263656,7.830522
9.834902,11.021837,11.961193,11.630693,11.899992,7.9812994
8.591223,10.125192,9.9662075,10.556271,10.528678,8.067881
12.271639,11.115859,10.78635,11.279246,11.621213,7.0169206
10.078814,10.277225,9.6639385,9.95502,10.054516,6.588377
10.062445,10.0084095,10.639094,10.637215,10.735615,7.1963058
11.555447,10.918867,10.912872,10.744295,11.062891,7.3206825
